0 verbose cli /opt/homebrew/Cellar/node/25.9.0_2/bin/node /opt/homebrew/bin/npm
1 info using npm@11.12.1
2 info using node@v25.9.0
3 silly config load:file:/opt/homebrew/lib/node_modules/npm/npmrc
4 silly config load:file:/Users/ritikasahu/gradeops/frontend/.npmrc
5 silly config load:file:/Users/ritikasahu/.npmrc
6 silly config load:file:/opt/homebrew/etc/npmrc
7 verbose title npm install
8 verbose argv "install" "--cache" ".npm-cache" "--legacy-peer-deps"
9 verbose logfile logs-max:10 dir:/Users/ritikasahu/gradeops/frontend/.npm-cache/_logs/2026-05-11T11_47_43_834Z-
10 verbose logfile /Users/ritikasahu/gradeops/frontend/.npm-cache/_logs/2026-05-11T11_47_43_834Z-debug-0.log
11 silly logfile done cleaning log files
12 silly packumentCache heap:2348810240 maxSize:587202560 maxEntrySize:293601280
13 silly idealTree buildDeps
14 silly fetch manifest react@^18.2.0
15 silly packumentCache full:https://registry.npmjs.org/react cache-miss
16 http fetch GET 200 https://registry.npmjs.org/npm 437ms
17 http fetch GET 200 https://registry.npmjs.org/react 599ms (cache miss)
18 silly packumentCache full:https://registry.npmjs.org/react set size:undefined disposed:false
19 silly fetch manifest react-dom@^18.2.0
20 silly packumentCache full:https://registry.npmjs.org/react-dom cache-miss
21 http fetch GET 200 https://registry.npmjs.org/react-dom 361ms (cache miss)
22 silly packumentCache full:https://registry.npmjs.org/react-dom set size:undefined disposed:false
23 silly fetch manifest react-router-dom@^6.22.3
24 silly packumentCache full:https://registry.npmjs.org/react-router-dom cache-miss
25 http fetch GET 200 https://registry.npmjs.org/react-router-dom 166ms (cache miss)
26 silly packumentCache full:https://registry.npmjs.org/react-router-dom set size:undefined disposed:false
27 silly fetch manifest axios@^1.6.8
28 silly packumentCache full:https://registry.npmjs.org/axios cache-miss
29 http fetch GET 200 https://registry.npmjs.org/axios 92ms (cache miss)
30 silly packumentCache full:https://registry.npmjs.org/axios set size:undefined disposed:false
31 silly fetch manifest lucide-react@^0.363.0
32 silly packumentCache full:https://registry.npmjs.org/lucide-react cache-miss
33 http fetch GET 200 https://registry.npmjs.org/lucide-react 150ms (cache miss)
34 silly packumentCache full:https://registry.npmjs.org/lucide-react set size:undefined disposed:false
35 silly fetch manifest @types/react@^18.2.66
36 silly packumentCache full:https://registry.npmjs.org/@types%2freact cache-miss
37 http fetch GET 200 https://registry.npmjs.org/@types%2freact 151ms (cache miss)
38 silly packumentCache full:https://registry.npmjs.org/@types%2freact set size:undefined disposed:false
39 silly fetch manifest @types/react-dom@^18.2.22
40 silly packumentCache full:https://registry.npmjs.org/@types%2freact-dom cache-miss
41 http fetch GET 200 https://registry.npmjs.org/@types%2freact-dom 119ms (cache miss)
42 silly packumentCache full:https://registry.npmjs.org/@types%2freact-dom set size:undefined disposed:false
43 silly fetch manifest @typescript-eslint/eslint-plugin@^7.2.0
44 silly packumentCache full:https://registry.npmjs.org/@typescript-eslint%2feslint-plugin cache-miss
45 http fetch GET 200 https://registry.npmjs.org/@typescript-eslint%2feslint-plugin 519ms (cache miss)
46 silly packumentCache full:https://registry.npmjs.org/@typescript-eslint%2feslint-plugin set size:undefined disposed:false
47 silly fetch manifest @typescript-eslint/parser@^7.2.0
48 silly packumentCache full:https://registry.npmjs.org/@typescript-eslint%2fparser cache-miss
49 http fetch GET 200 https://registry.npmjs.org/@typescript-eslint%2fparser 501ms (cache miss)
50 silly packumentCache full:https://registry.npmjs.org/@typescript-eslint%2fparser set size:undefined disposed:false
51 silly fetch manifest @vitejs/plugin-react@^4.2.1
52 silly packumentCache full:https://registry.npmjs.org/@vitejs%2fplugin-react cache-miss
53 http fetch GET 200 https://registry.npmjs.org/@vitejs%2fplugin-react 105ms (cache miss)
54 silly packumentCache full:https://registry.npmjs.org/@vitejs%2fplugin-react set size:undefined disposed:false
55 silly fetch manifest typescript@^5.2.2
56 silly packumentCache full:https://registry.npmjs.org/typescript cache-miss
57 http fetch GET 200 https://registry.npmjs.org/typescript 300ms (cache miss)
58 silly packumentCache full:https://registry.npmjs.org/typescript set size:undefined disposed:false
59 silly fetch manifest vite@^5.2.0
60 silly packumentCache full:https://registry.npmjs.org/vite cache-miss
61 http fetch GET 200 https://registry.npmjs.org/vite 1304ms (cache miss)
62 silly packumentCache full:https://registry.npmjs.org/vite set size:undefined disposed:false
63 silly placeDep ROOT @types/react@18.3.28 OK for: gradeops-frontend@0.1.0 want: ^18.2.66
64 silly placeDep ROOT @types/react-dom@18.3.7 OK for: gradeops-frontend@0.1.0 want: ^18.2.22
65 silly placeDep ROOT @typescript-eslint/eslint-plugin@7.18.0 OK for: gradeops-frontend@0.1.0 want: ^7.2.0
66 silly placeDep ROOT @typescript-eslint/parser@7.18.0 OK for: gradeops-frontend@0.1.0 want: ^7.2.0
67 silly placeDep ROOT @vitejs/plugin-react@4.7.0 OK for: gradeops-frontend@0.1.0 want: ^4.2.1
68 silly placeDep ROOT axios@1.16.0 OK for: gradeops-frontend@0.1.0 want: ^1.6.8
69 silly placeDep ROOT lucide-react@0.363.0 OK for: gradeops-frontend@0.1.0 want: ^0.363.0
70 silly placeDep ROOT react@18.3.1 OK for: gradeops-frontend@0.1.0 want: ^18.2.0
71 silly placeDep ROOT react-dom@18.3.1 OK for: gradeops-frontend@0.1.0 want: ^18.2.0
72 silly placeDep ROOT react-router-dom@6.30.3 OK for: gradeops-frontend@0.1.0 want: ^6.22.3
73 silly placeDep ROOT typescript@5.9.3 OK for: gradeops-frontend@0.1.0 want: ^5.2.2
74 silly placeDep ROOT vite@5.4.21 OK for: gradeops-frontend@0.1.0 want: ^5.2.0
75 silly fetch manifest csstype@^3.2.2
76 silly packumentCache full:https://registry.npmjs.org/csstype cache-miss
77 silly fetch manifest @types/prop-types@*
78 silly packumentCache full:https://registry.npmjs.org/@types%2fprop-types cache-miss
79 silly fetch manifest ignore@^5.3.1
80 silly packumentCache full:https://registry.npmjs.org/ignore cache-miss
81 silly fetch manifest graphemer@^1.4.0
82 silly packumentCache full:https://registry.npmjs.org/graphemer cache-miss
83 silly fetch manifest ts-api-utils@^1.3.0
84 silly packumentCache full:https://registry.npmjs.org/ts-api-utils cache-miss
85 silly fetch manifest natural-compare@^1.4.0
86 silly packumentCache full:https://registry.npmjs.org/natural-compare cache-miss
87 silly fetch manifest @typescript-eslint/utils@7.18.0
88 silly packumentCache full:https://registry.npmjs.org/@typescript-eslint%2futils cache-miss
89 http fetch GET 200 https://registry.npmjs.org/@types%2fprop-types 86ms (cache miss)
90 silly packumentCache full:https://registry.npmjs.org/@types%2fprop-types set size:undefined disposed:false
91 silly fetch manifest @eslint-community/regexpp@^4.10.0
92 silly packumentCache full:https://registry.npmjs.org/@eslint-community%2fregexpp cache-miss
93 http fetch GET 200 https://registry.npmjs.org/csstype 102ms (cache miss)
94 silly packumentCache full:https://registry.npmjs.org/csstype set size:undefined disposed:false
95 silly fetch manifest @typescript-eslint/type-utils@7.18.0
96 silly packumentCache full:https://registry.npmjs.org/@typescript-eslint%2ftype-utils cache-miss
97 http fetch GET 200 https://registry.npmjs.org/@eslint-community%2fregexpp 93ms (cache miss)
98 silly packumentCache full:https://registry.npmjs.org/@eslint-community%2fregexpp set size:undefined disposed:false
99 silly fetch manifest @typescript-eslint/visitor-keys@7.18.0
100 silly packumentCache full:https://registry.npmjs.org/@typescript-eslint%2fvisitor-keys cache-miss
101 http fetch GET 200 https://registry.npmjs.org/graphemer 410ms (cache miss)
102 silly packumentCache full:https://registry.npmjs.org/graphemer set size:undefined disposed:false
103 silly fetch manifest @typescript-eslint/scope-manager@7.18.0
104 silly packumentCache full:https://registry.npmjs.org/@typescript-eslint%2fscope-manager cache-miss
105 http fetch GET 200 https://registry.npmjs.org/ts-api-utils 558ms (cache miss)
106 silly packumentCache full:https://registry.npmjs.org/ts-api-utils set size:undefined disposed:false
107 silly fetch manifest debug@^4.3.4
108 silly packumentCache full:https://registry.npmjs.org/debug cache-miss
109 http fetch GET 200 https://registry.npmjs.org/ignore 587ms (cache miss)
110 silly packumentCache full:https://registry.npmjs.org/ignore set size:undefined disposed:false
111 silly fetch manifest @typescript-eslint/types@7.18.0
112 silly packumentCache full:https://registry.npmjs.org/@typescript-eslint%2ftypes cache-miss
113 http fetch GET 200 https://registry.npmjs.org/natural-compare 613ms (cache miss)
114 silly packumentCache full:https://registry.npmjs.org/natural-compare set size:undefined disposed:false
115 silly fetch manifest @typescript-eslint/visitor-keys@7.18.0
116 silly packumentCache full:https://registry.npmjs.org/@typescript-eslint%2fvisitor-keys cache-miss
117 http fetch GET 200 https://registry.npmjs.org/@typescript-eslint%2ftype-utils 664ms (cache miss)
118 silly packumentCache full:https://registry.npmjs.org/@typescript-eslint%2ftype-utils set size:undefined disposed:false
119 silly fetch manifest @typescript-eslint/scope-manager@7.18.0
120 silly packumentCache full:https://registry.npmjs.org/@typescript-eslint%2fscope-manager cache-miss
121 http fetch GET 200 https://registry.npmjs.org/debug 437ms (cache miss)
122 silly packumentCache full:https://registry.npmjs.org/debug set size:undefined disposed:false
123 silly fetch manifest @typescript-eslint/typescript-estree@7.18.0
124 silly packumentCache full:https://registry.npmjs.org/@typescript-eslint%2ftypescript-estree cache-miss
125 http fetch GET 200 https://registry.npmjs.org/@typescript-eslint%2fscope-manager 980ms (cache miss)
126 silly packumentCache full:https://registry.npmjs.org/@typescript-eslint%2fscope-manager set size:undefined disposed:false
127 silly fetch manifest @babel/core@^7.28.0
128 silly packumentCache full:https://registry.npmjs.org/@babel%2fcore cache-miss
129 http fetch GET 200 https://registry.npmjs.org/@typescript-eslint%2fvisitor-keys 1723ms (cache miss)
130 silly packumentCache full:https://registry.npmjs.org/@typescript-eslint%2fvisitor-keys set size:undefined disposed:false
131 silly fetch manifest react-refresh@^0.17.0
132 silly packumentCache full:https://registry.npmjs.org/react-refresh cache-miss
133 http fetch GET 200 https://registry.npmjs.org/@babel%2fcore 323ms (cache miss)
134 silly packumentCache full:https://registry.npmjs.org/@babel%2fcore set size:undefined disposed:false
135 silly fetch manifest @types/babel__core@^7.20.5
136 silly packumentCache full:https://registry.npmjs.org/@types%2fbabel__core cache-miss
137 http fetch GET 200 https://registry.npmjs.org/react-refresh 643ms (cache miss)
138 silly packumentCache full:https://registry.npmjs.org/react-refresh set size:undefined disposed:false
139 silly fetch manifest @rolldown/pluginutils@1.0.0-beta.27
140 silly packumentCache full:https://registry.npmjs.org/@rolldown%2fpluginutils cache-miss
141 http fetch GET 200 https://registry.npmjs.org/@types%2fbabel__core 491ms (cache miss)
142 silly packumentCache full:https://registry.npmjs.org/@types%2fbabel__core set size:undefined disposed:false
143 silly fetch manifest @babel/plugin-transform-react-jsx-self@^7.27.1
144 silly packumentCache full:https://registry.npmjs.org/@babel%2fplugin-transform-react-jsx-self cache-miss
145 http fetch GET 200 https://registry.npmjs.org/@rolldown%2fpluginutils 291ms (cache miss)
146 silly packumentCache full:https://registry.npmjs.org/@rolldown%2fpluginutils set size:undefined disposed:false
147 silly fetch manifest @babel/plugin-transform-react-jsx-source@^7.27.1
148 silly packumentCache full:https://registry.npmjs.org/@babel%2fplugin-transform-react-jsx-source cache-miss
149 http fetch GET 200 https://registry.npmjs.org/@babel%2fplugin-transform-react-jsx-self 318ms (cache miss)
150 silly packumentCache full:https://registry.npmjs.org/@babel%2fplugin-transform-react-jsx-self set size:undefined disposed:false
151 silly fetch manifest form-data@^4.0.5
152 silly packumentCache full:https://registry.npmjs.org/form-data cache-miss
153 http fetch GET 200 https://registry.npmjs.org/@babel%2fplugin-transform-react-jsx-source 138ms (cache miss)
154 silly packumentCache full:https://registry.npmjs.org/@babel%2fplugin-transform-react-jsx-source set size:undefined disposed:false
155 silly fetch manifest proxy-from-env@^2.1.0
156 silly packumentCache full:https://registry.npmjs.org/proxy-from-env cache-miss
157 http fetch GET 200 https://registry.npmjs.org/form-data 289ms (cache miss)
158 silly packumentCache full:https://registry.npmjs.org/form-data set size:undefined disposed:false
159 silly fetch manifest follow-redirects@^1.16.0
160 silly packumentCache full:https://registry.npmjs.org/follow-redirects cache-miss
161 http fetch GET 200 https://registry.npmjs.org/proxy-from-env 327ms (cache miss)
162 silly packumentCache full:https://registry.npmjs.org/proxy-from-env set size:undefined disposed:false
163 silly fetch manifest loose-envify@^1.1.0
164 silly packumentCache full:https://registry.npmjs.org/loose-envify cache-miss
165 http fetch GET 200 https://registry.npmjs.org/loose-envify 382ms (cache miss)
166 silly packumentCache full:https://registry.npmjs.org/loose-envify set size:undefined disposed:false
167 silly fetch manifest scheduler@^0.23.2
168 silly packumentCache full:https://registry.npmjs.org/scheduler cache-miss
169 http fetch GET 200 https://registry.npmjs.org/follow-redirects 516ms (cache miss)
170 silly packumentCache full:https://registry.npmjs.org/follow-redirects set size:undefined disposed:false
171 silly fetch manifest react-router@6.30.3
172 silly packumentCache full:https://registry.npmjs.org/react-router cache-miss
173 http fetch GET 200 https://registry.npmjs.org/@typescript-eslint%2futils 4328ms (cache miss)
174 silly packumentCache full:https://registry.npmjs.org/@typescript-eslint%2futils set size:undefined disposed:false
175 silly fetch manifest @remix-run/router@1.23.2
176 silly packumentCache full:https://registry.npmjs.org/@remix-run%2frouter cache-miss
177 http fetch GET 200 https://registry.npmjs.org/react-router 734ms (cache miss)
178 silly packumentCache full:https://registry.npmjs.org/react-router set size:undefined disposed:false
179 silly fetch manifest rollup@^4.20.0
180 silly packumentCache full:https://registry.npmjs.org/rollup cache-miss
181 http fetch GET 200 https://registry.npmjs.org/scheduler 870ms (cache miss)
182 silly packumentCache full:https://registry.npmjs.org/scheduler set size:undefined disposed:false
183 silly fetch manifest esbuild@^0.21.3
184 silly packumentCache full:https://registry.npmjs.org/esbuild cache-miss
185 http fetch GET 200 https://registry.npmjs.org/esbuild 333ms (cache miss)
186 silly packumentCache full:https://registry.npmjs.org/esbuild set size:undefined disposed:false
187 silly fetch manifest postcss@^8.4.43
188 silly packumentCache full:https://registry.npmjs.org/postcss cache-miss
189 http fetch GET 200 https://registry.npmjs.org/rollup 603ms (cache miss)
190 silly packumentCache full:https://registry.npmjs.org/rollup set size:undefined disposed:false
191 silly fetch manifest fsevents@~2.3.3
192 silly packumentCache full:https://registry.npmjs.org/fsevents cache-miss
193 http fetch GET 200 https://registry.npmjs.org/@remix-run%2frouter 893ms (cache miss)
194 silly packumentCache full:https://registry.npmjs.org/@remix-run%2frouter set size:undefined disposed:false
195 http fetch GET 200 https://registry.npmjs.org/postcss 318ms (cache miss)
196 silly packumentCache full:https://registry.npmjs.org/postcss set size:undefined disposed:false
197 http fetch GET 200 https://registry.npmjs.org/fsevents 299ms (cache miss)
198 silly packumentCache full:https://registry.npmjs.org/fsevents set size:undefined disposed:false
199 http fetch GET 200 https://registry.npmjs.org/@typescript-eslint%2fscope-manager 5340ms (cache miss)
200 silly packumentCache full:https://registry.npmjs.org/@typescript-eslint%2fscope-manager set size:undefined disposed:false
201 http fetch GET 200 https://registry.npmjs.org/@typescript-eslint%2ftypes 5310ms (cache miss)
202 silly packumentCache full:https://registry.npmjs.org/@typescript-eslint%2ftypes set size:undefined disposed:false
203 http fetch GET 200 https://registry.npmjs.org/@typescript-eslint%2fvisitor-keys 5438ms (cache miss)
204 silly packumentCache full:https://registry.npmjs.org/@typescript-eslint%2fvisitor-keys set size:undefined disposed:false
205 http fetch GET 200 https://registry.npmjs.org/@typescript-eslint%2ftypescript-estree 6340ms (cache miss)
206 silly packumentCache full:https://registry.npmjs.org/@typescript-eslint%2ftypescript-estree set size:undefined disposed:false
207 silly placeDep ROOT @types/prop-types@15.7.15 OK for: @types/react@18.3.28 want: *
208 silly placeDep ROOT csstype@3.2.3 OK for: @types/react@18.3.28 want: ^3.2.2
209 silly placeDep ROOT @eslint-community/regexpp@4.12.2 OK for: @typescript-eslint/eslint-plugin@7.18.0 want: ^4.10.0
210 silly placeDep ROOT @typescript-eslint/scope-manager@7.18.0 OK for: @typescript-eslint/eslint-plugin@7.18.0 want: 7.18.0
211 silly placeDep ROOT @typescript-eslint/type-utils@7.18.0 OK for: @typescript-eslint/eslint-plugin@7.18.0 want: 7.18.0
212 silly placeDep ROOT @typescript-eslint/utils@7.18.0 OK for: @typescript-eslint/eslint-plugin@7.18.0 want: 7.18.0
213 silly placeDep ROOT @typescript-eslint/visitor-keys@7.18.0 OK for: @typescript-eslint/eslint-plugin@7.18.0 want: 7.18.0
214 silly placeDep ROOT graphemer@1.4.0 OK for: @typescript-eslint/eslint-plugin@7.18.0 want: ^1.4.0
215 silly placeDep ROOT ignore@5.3.2 OK for: @typescript-eslint/eslint-plugin@7.18.0 want: ^5.3.1
216 silly placeDep ROOT natural-compare@1.4.0 OK for: @typescript-eslint/eslint-plugin@7.18.0 want: ^1.4.0
217 silly placeDep ROOT ts-api-utils@1.4.3 OK for: @typescript-eslint/eslint-plugin@7.18.0 want: ^1.3.0
218 silly fetch manifest @eslint-community/eslint-utils@^4.4.0
219 silly packumentCache full:https://registry.npmjs.org/@eslint-community%2feslint-utils cache-miss
220 silly fetch manifest eslint-visitor-keys@^3.4.3
221 silly packumentCache full:https://registry.npmjs.org/eslint-visitor-keys cache-miss
222 http fetch GET 200 https://registry.npmjs.org/eslint-visitor-keys 81ms (cache miss)
223 silly packumentCache full:https://registry.npmjs.org/eslint-visitor-keys set size:undefined disposed:false
224 http fetch GET 200 https://registry.npmjs.org/@eslint-community%2feslint-utils 112ms (cache miss)
225 silly packumentCache full:https://registry.npmjs.org/@eslint-community%2feslint-utils set size:undefined disposed:false
226 silly placeDep ROOT @typescript-eslint/types@7.18.0 OK for: @typescript-eslint/parser@7.18.0 want: 7.18.0
227 silly placeDep ROOT @typescript-eslint/typescript-estree@7.18.0 OK for: @typescript-eslint/parser@7.18.0 want: 7.18.0
228 silly placeDep ROOT debug@4.4.3 OK for: @typescript-eslint/parser@7.18.0 want: ^4.3.4
229 silly fetch manifest globby@^11.1.0
230 silly packumentCache full:https://registry.npmjs.org/globby cache-miss
231 silly fetch manifest semver@^7.6.0
232 silly packumentCache full:https://registry.npmjs.org/semver cache-miss
233 silly fetch manifest is-glob@^4.0.3
234 silly packumentCache full:https://registry.npmjs.org/is-glob cache-miss
235 silly fetch manifest minimatch@^9.0.4
236 silly packumentCache full:https://registry.npmjs.org/minimatch cache-miss
237 silly fetch manifest ms@^2.1.3
238 silly packumentCache full:https://registry.npmjs.org/ms cache-miss
239 http fetch GET 200 https://registry.npmjs.org/ms 107ms (cache miss)
240 silly packumentCache full:https://registry.npmjs.org/ms set size:undefined disposed:false
241 http fetch GET 200 https://registry.npmjs.org/is-glob 112ms (cache miss)
242 silly packumentCache full:https://registry.npmjs.org/is-glob set size:undefined disposed:false
243 http fetch GET 200 https://registry.npmjs.org/globby 115ms (cache miss)
244 silly packumentCache full:https://registry.npmjs.org/globby set size:undefined disposed:false
245 http fetch GET 200 https://registry.npmjs.org/semver 143ms (cache miss)
246 silly packumentCache full:https://registry.npmjs.org/semver set size:undefined disposed:false
247 http fetch GET 200 https://registry.npmjs.org/minimatch 181ms (cache miss)
248 silly packumentCache full:https://registry.npmjs.org/minimatch set size:undefined disposed:false
249 silly placeDep ROOT globby@11.1.0 OK for: @typescript-eslint/typescript-estree@7.18.0 want: ^11.1.0
250 silly placeDep ROOT is-glob@4.0.3 OK for: @typescript-eslint/typescript-estree@7.18.0 want: ^4.0.3
251 silly placeDep ROOT minimatch@9.0.9 OK for: @typescript-eslint/typescript-estree@7.18.0 want: ^9.0.4
252 silly placeDep ROOT semver@7.8.0 OK for: @typescript-eslint/typescript-estree@7.18.0 want: ^7.6.0
253 silly fetch manifest slash@^3.0.0
254 silly packumentCache full:https://registry.npmjs.org/slash cache-miss
255 silly fetch manifest merge2@^1.4.1
256 silly packumentCache full:https://registry.npmjs.org/merge2 cache-miss
257 silly fetch manifest dir-glob@^3.0.1
258 silly packumentCache full:https://registry.npmjs.org/dir-glob cache-miss
259 silly fetch manifest fast-glob@^3.2.9
260 silly packumentCache full:https://registry.npmjs.org/fast-glob cache-miss
261 silly fetch manifest array-union@^2.1.0
262 silly packumentCache full:https://registry.npmjs.org/array-union cache-miss
263 silly fetch manifest is-extglob@^2.1.1
264 silly packumentCache full:https://registry.npmjs.org/is-extglob cache-miss
265 silly fetch manifest brace-expansion@^2.0.2
266 silly packumentCache full:https://registry.npmjs.org/brace-expansion cache-miss
267 http fetch GET 200 https://registry.npmjs.org/slash 73ms (cache miss)
268 silly packumentCache full:https://registry.npmjs.org/slash set size:undefined disposed:false
269 http fetch GET 200 https://registry.npmjs.org/array-union 83ms (cache miss)
270 silly packumentCache full:https://registry.npmjs.org/array-union set size:undefined disposed:false
271 http fetch GET 200 https://registry.npmjs.org/dir-glob 94ms (cache miss)
272 silly packumentCache full:https://registry.npmjs.org/dir-glob set size:undefined disposed:false
273 http fetch GET 200 https://registry.npmjs.org/merge2 95ms (cache miss)
274 silly packumentCache full:https://registry.npmjs.org/merge2 set size:undefined disposed:false
275 http fetch GET 200 https://registry.npmjs.org/is-extglob 95ms (cache miss)
276 silly packumentCache full:https://registry.npmjs.org/is-extglob set size:undefined disposed:false
277 http fetch GET 200 https://registry.npmjs.org/brace-expansion 105ms (cache miss)
278 silly packumentCache full:https://registry.npmjs.org/brace-expansion set size:undefined disposed:false
279 http fetch GET 200 https://registry.npmjs.org/fast-glob 111ms (cache miss)
280 silly packumentCache full:https://registry.npmjs.org/fast-glob set size:undefined disposed:false
281 silly placeDep ROOT @eslint-community/eslint-utils@4.9.1 OK for: @typescript-eslint/utils@7.18.0 want: ^4.4.0
282 silly placeDep ROOT eslint-visitor-keys@3.4.3 OK for: @eslint-community/eslint-utils@4.9.1 want: ^3.4.3
283 silly placeDep ROOT @babel/core@7.29.0 OK for: @vitejs/plugin-react@4.7.0 want: ^7.28.0
284 silly placeDep ROOT @babel/plugin-transform-react-jsx-self@7.27.1 OK for: @vitejs/plugin-react@4.7.0 want: ^7.27.1
285 silly placeDep ROOT @babel/plugin-transform-react-jsx-source@7.27.1 OK for: @vitejs/plugin-react@4.7.0 want: ^7.27.1
286 silly placeDep ROOT @rolldown/pluginutils@1.0.0-beta.27 OK for: @vitejs/plugin-react@4.7.0 want: 1.0.0-beta.27
287 silly placeDep ROOT @types/babel__core@7.20.5 OK for: @vitejs/plugin-react@4.7.0 want: ^7.20.5
288 silly placeDep ROOT react-refresh@0.17.0 OK for: @vitejs/plugin-react@4.7.0 want: ^0.17.0
289 silly fetch manifest json5@^2.2.3
290 silly packumentCache full:https://registry.npmjs.org/json5 cache-miss
291 silly fetch manifest semver@^6.3.1
292 silly packumentCache full:https://registry.npmjs.org/semver cache-miss
293 silly fetch manifest gensync@^1.0.0-beta.2
294 silly packumentCache full:https://registry.npmjs.org/gensync cache-miss
295 silly fetch manifest @babel/types@^7.29.0
296 silly packumentCache full:https://registry.npmjs.org/@babel%2ftypes cache-miss
297 silly fetch manifest @babel/parser@^7.29.0
298 silly packumentCache full:https://registry.npmjs.org/@babel%2fparser cache-miss
299 silly fetch manifest @babel/helpers@^7.28.6
300 silly packumentCache full:https://registry.npmjs.org/@babel%2fhelpers cache-miss
301 silly fetch manifest @babel/template@^7.28.6
302 silly packumentCache full:https://registry.npmjs.org/@babel%2ftemplate cache-miss
303 http cache https://registry.npmjs.org/semver 7ms (cache hit)
304 silly packumentCache full:https://registry.npmjs.org/semver set size:233058 disposed:false
305 silly fetch manifest @babel/traverse@^7.29.0
306 silly packumentCache full:https://registry.npmjs.org/@babel%2ftraverse cache-miss
307 http fetch GET 200 https://registry.npmjs.org/json5 96ms (cache miss)
308 silly packumentCache full:https://registry.npmjs.org/json5 set size:undefined disposed:false
309 silly fetch manifest @babel/generator@^7.29.0
310 silly packumentCache full:https://registry.npmjs.org/@babel%2fgenerator cache-miss
311 http fetch GET 200 https://registry.npmjs.org/gensync 99ms (cache miss)
312 silly packumentCache full:https://registry.npmjs.org/gensync set size:undefined disposed:false
313 silly fetch manifest @babel/code-frame@^7.29.0
314 silly packumentCache full:https://registry.npmjs.org/@babel%2fcode-frame cache-miss
315 http fetch GET 200 https://registry.npmjs.org/@babel%2ftemplate 172ms (cache miss)
316 silly packumentCache full:https://registry.npmjs.org/@babel%2ftemplate set size:undefined disposed:false
317 silly fetch manifest convert-source-map@^2.0.0
318 silly packumentCache full:https://registry.npmjs.org/convert-source-map cache-miss
319 http fetch GET 200 https://registry.npmjs.org/@babel%2fgenerator 124ms (cache miss)
320 silly packumentCache full:https://registry.npmjs.org/@babel%2fgenerator set size:undefined disposed:false
321 silly fetch manifest @jridgewell/remapping@^2.3.5
322 silly packumentCache full:https://registry.npmjs.org/@jridgewell%2fremapping cache-miss
323 http fetch GET 200 https://registry.npmjs.org/@babel%2fcode-frame 127ms (cache miss)
324 silly packumentCache full:https://registry.npmjs.org/@babel%2fcode-frame set size:undefined disposed:false
325 silly fetch manifest @babel/helper-module-transforms@^7.28.6
326 silly packumentCache full:https://registry.npmjs.org/@babel%2fhelper-module-transforms cache-miss
327 http fetch GET 200 https://registry.npmjs.org/@babel%2fhelpers 230ms (cache miss)
328 silly packumentCache full:https://registry.npmjs.org/@babel%2fhelpers set size:undefined disposed:false
329 silly fetch manifest @babel/helper-compilation-targets@^7.28.6
330 silly packumentCache full:https://registry.npmjs.org/@babel%2fhelper-compilation-targets cache-miss
331 http fetch GET 200 https://registry.npmjs.org/@babel%2ftypes 243ms (cache miss)
332 silly packumentCache full:https://registry.npmjs.org/@babel%2ftypes set size:undefined disposed:false
333 silly fetch manifest @babel/helper-plugin-utils@^7.27.1
334 silly packumentCache full:https://registry.npmjs.org/@babel%2fhelper-plugin-utils cache-miss
335 http fetch GET 200 https://registry.npmjs.org/@babel%2ftraverse 238ms (cache miss)
336 silly packumentCache full:https://registry.npmjs.org/@babel%2ftraverse set size:undefined disposed:false
337 silly fetch manifest @babel/helper-plugin-utils@^7.27.1
338 silly packumentCache full:https://registry.npmjs.org/@babel%2fhelper-plugin-utils cache-miss
339 http fetch GET 200 https://registry.npmjs.org/@babel%2fparser 264ms (cache miss)
340 silly packumentCache full:https://registry.npmjs.org/@babel%2fparser set size:undefined disposed:false
341 silly fetch manifest @babel/types@^7.20.7
342 silly packumentCache full:https://registry.npmjs.org/@babel%2ftypes cache-miss
343 http cache https://registry.npmjs.org/@babel%2ftypes 2ms (cache hit)
344 silly packumentCache full:https://registry.npmjs.org/@babel%2ftypes set size:489931 disposed:false
345 silly fetch manifest @babel/parser@^7.20.7
346 silly packumentCache full:https://registry.npmjs.org/@babel%2fparser cache-miss
347 http cache https://registry.npmjs.org/@babel%2fparser 2ms (cache hit)
348 silly packumentCache full:https://registry.npmjs.org/@babel%2fparser set size:723297 disposed:false
349 silly fetch manifest @types/babel__template@*
350 silly packumentCache full:https://registry.npmjs.org/@types%2fbabel__template cache-miss
351 http fetch GET 200 https://registry.npmjs.org/@jridgewell%2fremapping 121ms (cache miss)
352 silly packumentCache full:https://registry.npmjs.org/@jridgewell%2fremapping set size:undefined disposed:false
353 silly fetch manifest @types/babel__traverse@*
354 silly packumentCache full:https://registry.npmjs.org/@types%2fbabel__traverse cache-miss
355 http fetch GET 200 https://registry.npmjs.org/convert-source-map 172ms (cache miss)
356 silly packumentCache full:https://registry.npmjs.org/convert-source-map set size:undefined disposed:false
357 silly fetch manifest @types/babel__generator@*
358 silly packumentCache full:https://registry.npmjs.org/@types%2fbabel__generator cache-miss
359 http fetch GET 200 https://registry.npmjs.org/@babel%2fhelper-module-transforms 152ms (cache miss)
360 silly packumentCache full:https://registry.npmjs.org/@babel%2fhelper-module-transforms set size:undefined disposed:false
361 http fetch GET 200 https://registry.npmjs.org/@types%2fbabel__template 107ms (cache miss)
362 silly packumentCache full:https://registry.npmjs.org/@types%2fbabel__template set size:undefined disposed:false
363 http fetch GET 200 https://registry.npmjs.org/@babel%2fhelper-plugin-utils 142ms (cache miss)
364 silly packumentCache full:https://registry.npmjs.org/@babel%2fhelper-plugin-utils set size:undefined disposed:false
365 http fetch GET 200 https://registry.npmjs.org/@babel%2fhelper-plugin-utils 148ms (cache miss)
366 silly packumentCache full:https://registry.npmjs.org/@babel%2fhelper-plugin-utils set size:undefined disposed:false
367 http fetch GET 200 https://registry.npmjs.org/@babel%2fhelper-compilation-targets 163ms (cache miss)
368 silly packumentCache full:https://registry.npmjs.org/@babel%2fhelper-compilation-targets set size:undefined disposed:false
369 http fetch GET 200 https://registry.npmjs.org/@types%2fbabel__traverse 80ms (cache miss)
370 silly packumentCache full:https://registry.npmjs.org/@types%2fbabel__traverse set size:undefined disposed:false
371 http fetch GET 200 https://registry.npmjs.org/@types%2fbabel__generator 86ms (cache miss)
372 silly packumentCache full:https://registry.npmjs.org/@types%2fbabel__generator set size:undefined disposed:false
373 silly placeDep ROOT @babel/code-frame@7.29.0 OK for: @babel/core@7.29.0 want: ^7.29.0
374 silly placeDep ROOT @babel/generator@7.29.1 OK for: @babel/core@7.29.0 want: ^7.29.0
375 silly placeDep ROOT @babel/helper-compilation-targets@7.28.6 OK for: @babel/core@7.29.0 want: ^7.28.6
376 silly placeDep ROOT @babel/helper-module-transforms@7.28.6 OK for: @babel/core@7.29.0 want: ^7.28.6
377 silly placeDep ROOT @babel/helpers@7.29.2 OK for: @babel/core@7.29.0 want: ^7.28.6
378 silly placeDep ROOT @babel/parser@7.29.3 OK for: @babel/core@7.29.0 want: ^7.29.0
379 silly placeDep ROOT @babel/template@7.28.6 OK for: @babel/core@7.29.0 want: ^7.28.6
380 silly placeDep ROOT @babel/traverse@7.29.0 OK for: @babel/core@7.29.0 want: ^7.29.0
381 silly placeDep ROOT @babel/types@7.29.0 OK for: @babel/core@7.29.0 want: ^7.29.0
382 silly placeDep ROOT @jridgewell/remapping@2.3.5 OK for: @babel/core@7.29.0 want: ^2.3.5
383 silly placeDep ROOT convert-source-map@2.0.0 OK for: @babel/core@7.29.0 want: ^2.0.0
384 silly placeDep ROOT gensync@1.0.0-beta.2 OK for: @babel/core@7.29.0 want: ^1.0.0-beta.2
385 silly placeDep ROOT json5@2.2.3 OK for: @babel/core@7.29.0 want: ^2.2.3
386 silly placeDep node_modules/@babel/core semver@6.3.1 OK for: @babel/core@7.29.0 want: ^6.3.1
387 silly fetch manifest js-tokens@^4.0.0
388 silly packumentCache full:https://registry.npmjs.org/js-tokens cache-miss
389 silly fetch manifest picocolors@^1.1.1
390 silly packumentCache full:https://registry.npmjs.org/picocolors cache-miss
391 silly fetch manifest @babel/helper-validator-identifier@^7.28.5
392 silly packumentCache full:https://registry.npmjs.org/@babel%2fhelper-validator-identifier cache-miss
393 silly fetch manifest jsesc@^3.0.2
394 silly packumentCache full:https://registry.npmjs.org/jsesc cache-miss
395 silly fetch manifest @jridgewell/gen-mapping@^0.3.12
396 silly packumentCache full:https://registry.npmjs.org/@jridgewell%2fgen-mapping cache-miss
397 silly fetch manifest @jridgewell/trace-mapping@^0.3.28
398 silly packumentCache full:https://registry.npmjs.org/@jridgewell%2ftrace-mapping cache-miss
399 silly fetch manifest lru-cache@^5.1.1
400 silly packumentCache full:https://registry.npmjs.org/lru-cache cache-miss
401 http fetch GET 200 https://registry.npmjs.org/js-tokens 83ms (cache miss)
402 silly packumentCache full:https://registry.npmjs.org/js-tokens set size:undefined disposed:false
403 silly fetch manifest browserslist@^4.24.0
404 silly packumentCache full:https://registry.npmjs.org/browserslist cache-miss
405 http fetch GET 200 https://registry.npmjs.org/@jridgewell%2ftrace-mapping 88ms (cache miss)
406 silly packumentCache full:https://registry.npmjs.org/@jridgewell%2ftrace-mapping set size:undefined disposed:false
407 silly fetch manifest @babel/compat-data@^7.28.6
408 silly packumentCache full:https://registry.npmjs.org/@babel%2fcompat-data cache-miss
409 http fetch GET 200 https://registry.npmjs.org/jsesc 109ms (cache miss)
410 silly packumentCache full:https://registry.npmjs.org/jsesc set size:undefined disposed:false
411 silly fetch manifest @babel/helper-validator-option@^7.27.1
412 silly packumentCache full:https://registry.npmjs.org/@babel%2fhelper-validator-option cache-miss
413 http fetch GET 200 https://registry.npmjs.org/picocolors 114ms (cache miss)
414 silly packumentCache full:https://registry.npmjs.org/picocolors set size:undefined disposed:false
415 silly fetch manifest @babel/traverse@^7.28.6
416 silly packumentCache full:https://registry.npmjs.org/@babel%2ftraverse cache-miss
417 http fetch GET 200 https://registry.npmjs.org/@babel%2fhelper-validator-identifier 116ms (cache miss)
418 silly packumentCache full:https://registry.npmjs.org/@babel%2fhelper-validator-identifier set size:undefined disposed:false
419 silly fetch manifest @babel/helper-module-imports@^7.28.6
420 silly packumentCache full:https://registry.npmjs.org/@babel%2fhelper-module-imports cache-miss
421 http fetch GET 200 https://registry.npmjs.org/@jridgewell%2fgen-mapping 117ms (cache miss)
422 silly packumentCache full:https://registry.npmjs.org/@jridgewell%2fgen-mapping set size:undefined disposed:false
423 silly fetch manifest @babel/types@^7.28.6
424 silly packumentCache full:https://registry.npmjs.org/@babel%2ftypes cache-hit
425 silly fetch manifest @babel/helper-globals@^7.28.0
426 silly packumentCache full:https://registry.npmjs.org/@babel%2fhelper-globals cache-miss
427 http cache https://registry.npmjs.org/@babel%2ftraverse 6ms (cache hit)
428 silly packumentCache full:https://registry.npmjs.org/@babel%2ftraverse set size:550946 disposed:false
429 silly fetch manifest @babel/helper-string-parser@^7.27.1
430 silly packumentCache full:https://registry.npmjs.org/@babel%2fhelper-string-parser cache-miss
431 http fetch GET 200 https://registry.npmjs.org/@babel%2fcompat-data 96ms (cache miss)
432 silly packumentCache full:https://registry.npmjs.org/@babel%2fcompat-data set size:undefined disposed:false
433 silly fetch manifest @jridgewell/gen-mapping@^0.3.5
434 silly packumentCache full:https://registry.npmjs.org/@jridgewell%2fgen-mapping cache-miss
435 http fetch GET 200 https://registry.npmjs.org/lru-cache 191ms (cache miss)
436 silly packumentCache full:https://registry.npmjs.org/lru-cache set size:undefined disposed:false
437 silly fetch manifest @jridgewell/trace-mapping@^0.3.24
438 silly packumentCache full:https://registry.npmjs.org/@jridgewell%2ftrace-mapping cache-miss
439 http cache https://registry.npmjs.org/@jridgewell%2fgen-mapping 8ms (cache hit)
440 silly packumentCache full:https://registry.npmjs.org/@jridgewell%2fgen-mapping set size:80719 disposed:false
441 http cache https://registry.npmjs.org/@jridgewell%2ftrace-mapping 3ms (cache hit)
442 silly packumentCache full:https://registry.npmjs.org/@jridgewell%2ftrace-mapping set size:170909 disposed:false
443 http fetch GET 200 https://registry.npmjs.org/@babel%2fhelper-globals 103ms (cache miss)
444 silly packumentCache full:https://registry.npmjs.org/@babel%2fhelper-globals set size:undefined disposed:false
445 http fetch GET 200 https://registry.npmjs.org/browserslist 138ms (cache miss)
446 silly packumentCache full:https://registry.npmjs.org/browserslist set size:undefined disposed:false
447 http fetch GET 200 https://registry.npmjs.org/@babel%2fhelper-string-parser 112ms (cache miss)
448 silly packumentCache full:https://registry.npmjs.org/@babel%2fhelper-string-parser set size:undefined disposed:false
449 http fetch GET 200 https://registry.npmjs.org/@babel%2fhelper-validator-option 124ms (cache miss)
450 silly packumentCache full:https://registry.npmjs.org/@babel%2fhelper-validator-option set size:undefined disposed:false
451 http fetch GET 200 https://registry.npmjs.org/@babel%2fhelper-module-imports 138ms (cache miss)
452 silly packumentCache full:https://registry.npmjs.org/@babel%2fhelper-module-imports set size:undefined disposed:false
453 silly placeDep ROOT @babel/helper-validator-identifier@7.28.5 OK for: @babel/code-frame@7.29.0 want: ^7.28.5
454 silly placeDep ROOT js-tokens@4.0.0 OK for: @babel/code-frame@7.29.0 want: ^4.0.0
455 silly placeDep ROOT picocolors@1.1.1 OK for: @babel/code-frame@7.29.0 want: ^1.1.1
456 silly placeDep ROOT @jridgewell/gen-mapping@0.3.13 OK for: @babel/generator@7.29.1 want: ^0.3.12
457 silly placeDep ROOT @jridgewell/trace-mapping@0.3.31 OK for: @babel/generator@7.29.1 want: ^0.3.28
458 silly placeDep ROOT jsesc@3.1.0 OK for: @babel/generator@7.29.1 want: ^3.0.2
459 silly fetch manifest @jridgewell/sourcemap-codec@^1.5.0
460 silly packumentCache full:https://registry.npmjs.org/@jridgewell%2fsourcemap-codec cache-miss
461 silly fetch manifest @jridgewell/resolve-uri@^3.1.0
462 silly packumentCache full:https://registry.npmjs.org/@jridgewell%2fresolve-uri cache-miss
463 silly fetch manifest @jridgewell/sourcemap-codec@^1.4.14
464 silly packumentCache full:https://registry.npmjs.org/@jridgewell%2fsourcemap-codec cache-miss
465 http fetch GET 200 https://registry.npmjs.org/@jridgewell%2fsourcemap-codec 87ms (cache miss)
466 silly packumentCache full:https://registry.npmjs.org/@jridgewell%2fsourcemap-codec set size:undefined disposed:false
467 http fetch GET 200 https://registry.npmjs.org/@jridgewell%2fsourcemap-codec 89ms (cache miss)
468 silly packumentCache full:https://registry.npmjs.org/@jridgewell%2fsourcemap-codec set size:undefined disposed:false
469 http fetch GET 200 https://registry.npmjs.org/@jridgewell%2fresolve-uri 102ms (cache miss)
470 silly packumentCache full:https://registry.npmjs.org/@jridgewell%2fresolve-uri set size:undefined disposed:false
471 silly placeDep ROOT @babel/compat-data@7.29.3 OK for: @babel/helper-compilation-targets@7.28.6 want: ^7.28.6
472 silly placeDep ROOT @babel/helper-validator-option@7.27.1 OK for: @babel/helper-compilation-targets@7.28.6 want: ^7.27.1
473 silly placeDep ROOT browserslist@4.28.2 OK for: @babel/helper-compilation-targets@7.28.6 want: ^4.24.0
474 silly placeDep ROOT lru-cache@5.1.1 OK for: @babel/helper-compilation-targets@7.28.6 want: ^5.1.1
475 silly placeDep node_modules/@babel/helper-compilation-targets semver@6.3.1 OK for: @babel/helper-compilation-targets@7.28.6 want: ^6.3.1
476 silly fetch manifest baseline-browser-mapping@^2.10.12
477 silly packumentCache full:https://registry.npmjs.org/baseline-browser-mapping cache-miss
478 silly fetch manifest caniuse-lite@^1.0.30001782
479 silly packumentCache full:https://registry.npmjs.org/caniuse-lite cache-miss
480 silly fetch manifest electron-to-chromium@^1.5.328
481 silly packumentCache full:https://registry.npmjs.org/electron-to-chromium cache-miss
482 silly fetch manifest node-releases@^2.0.36
483 silly packumentCache full:https://registry.npmjs.org/node-releases cache-miss
484 silly fetch manifest update-browserslist-db@^1.2.3
485 silly packumentCache full:https://registry.npmjs.org/update-browserslist-db cache-miss
486 silly fetch manifest yallist@^3.0.2
487 silly packumentCache full:https://registry.npmjs.org/yallist cache-miss
488 http fetch GET 200 https://registry.npmjs.org/update-browserslist-db 80ms (cache miss)
489 silly packumentCache full:https://registry.npmjs.org/update-browserslist-db set size:undefined disposed:false
490 http fetch GET 200 https://registry.npmjs.org/yallist 90ms (cache miss)
491 silly packumentCache full:https://registry.npmjs.org/yallist set size:undefined disposed:false
492 http fetch GET 200 https://registry.npmjs.org/baseline-browser-mapping 139ms (cache miss)
493 silly packumentCache full:https://registry.npmjs.org/baseline-browser-mapping set size:undefined disposed:false
494 http fetch GET 200 https://registry.npmjs.org/node-releases 174ms (cache miss)
495 silly packumentCache full:https://registry.npmjs.org/node-releases set size:undefined disposed:false
496 http fetch GET 200 https://registry.npmjs.org/caniuse-lite 537ms (cache miss)
497 silly packumentCache full:https://registry.npmjs.org/caniuse-lite set size:undefined disposed:false
498 http fetch GET 200 https://registry.npmjs.org/electron-to-chromium 1026ms (cache miss)
499 silly packumentCache full:https://registry.npmjs.org/electron-to-chromium set size:undefined disposed:false
500 silly placeDep ROOT @babel/helper-module-imports@7.28.6 OK for: @babel/helper-module-transforms@7.28.6 want: ^7.28.6
501 silly placeDep ROOT @babel/helper-plugin-utils@7.28.6 OK for: @babel/plugin-transform-react-jsx-self@7.27.1 want: ^7.27.1
502 silly placeDep ROOT @babel/helper-globals@7.28.0 OK for: @babel/traverse@7.29.0 want: ^7.28.0
503 silly placeDep ROOT @babel/helper-string-parser@7.27.1 OK for: @babel/types@7.29.0 want: ^7.27.1
504 silly placeDep ROOT @jridgewell/sourcemap-codec@1.5.5 OK for: @jridgewell/gen-mapping@0.3.13 want: ^1.5.0
505 silly placeDep ROOT @jridgewell/resolve-uri@3.1.2 OK for: @jridgewell/trace-mapping@0.3.31 want: ^3.1.0
506 silly placeDep ROOT @types/babel__generator@7.27.0 OK for: @types/babel__core@7.20.5 want: *
507 silly placeDep ROOT @types/babel__template@7.4.4 OK for: @types/babel__core@7.20.5 want: *
508 silly placeDep ROOT @types/babel__traverse@7.28.0 OK for: @types/babel__core@7.20.5 want: *
509 silly placeDep ROOT follow-redirects@1.16.0 OK for: axios@1.16.0 want: ^1.16.0
510 silly placeDep ROOT form-data@4.0.5 OK for: axios@1.16.0 want: ^4.0.5
511 silly placeDep ROOT proxy-from-env@2.1.0 OK for: axios@1.16.0 want: ^2.1.0
512 silly fetch manifest asynckit@^0.4.0
513 silly packumentCache full:https://registry.npmjs.org/asynckit cache-miss
514 silly fetch manifest combined-stream@^1.0.8
515 silly packumentCache full:https://registry.npmjs.org/combined-stream cache-miss
516 silly fetch manifest es-set-tostringtag@^2.1.0
517 silly packumentCache full:https://registry.npmjs.org/es-set-tostringtag cache-miss
518 silly fetch manifest hasown@^2.0.2
519 silly packumentCache full:https://registry.npmjs.org/hasown cache-miss
520 silly fetch manifest mime-types@^2.1.12
521 silly packumentCache full:https://registry.npmjs.org/mime-types cache-miss
522 http fetch GET 200 https://registry.npmjs.org/combined-stream 79ms (cache miss)
523 silly packumentCache full:https://registry.npmjs.org/combined-stream set size:undefined disposed:false
524 http fetch GET 200 https://registry.npmjs.org/hasown 80ms (cache miss)
525 silly packumentCache full:https://registry.npmjs.org/hasown set size:undefined disposed:false
526 http fetch GET 200 https://registry.npmjs.org/asynckit 82ms (cache miss)
527 silly packumentCache full:https://registry.npmjs.org/asynckit set size:undefined disposed:false
528 http fetch GET 200 https://registry.npmjs.org/es-set-tostringtag 83ms (cache miss)
529 silly packumentCache full:https://registry.npmjs.org/es-set-tostringtag set size:undefined disposed:false
530 http fetch GET 200 https://registry.npmjs.org/mime-types 113ms (cache miss)
531 silly packumentCache full:https://registry.npmjs.org/mime-types set size:undefined disposed:false
532 silly placeDep ROOT baseline-browser-mapping@2.10.29 OK for: browserslist@4.28.2 want: ^2.10.12
533 silly placeDep ROOT caniuse-lite@1.0.30001792 OK for: browserslist@4.28.2 want: ^1.0.30001782
534 silly placeDep ROOT electron-to-chromium@1.5.353 OK for: browserslist@4.28.2 want: ^1.5.328
535 silly placeDep ROOT node-releases@2.0.38 OK for: browserslist@4.28.2 want: ^2.0.36
536 silly placeDep ROOT update-browserslist-db@1.2.3 OK for: browserslist@4.28.2 want: ^1.2.3
537 silly fetch manifest escalade@^3.2.0
538 silly packumentCache full:https://registry.npmjs.org/escalade cache-miss
539 http fetch GET 200 https://registry.npmjs.org/escalade 78ms (cache miss)
540 silly packumentCache full:https://registry.npmjs.org/escalade set size:undefined disposed:false
541 silly placeDep ROOT ms@2.1.3 OK for: debug@4.4.3 want: ^2.1.3
542 silly placeDep ROOT asynckit@0.4.0 OK for: form-data@4.0.5 want: ^0.4.0
543 silly placeDep ROOT combined-stream@1.0.8 OK for: form-data@4.0.5 want: ^1.0.8
544 silly placeDep ROOT es-set-tostringtag@2.1.0 OK for: form-data@4.0.5 want: ^2.1.0
545 silly placeDep ROOT hasown@2.0.3 OK for: form-data@4.0.5 want: ^2.0.2
546 silly placeDep ROOT mime-types@2.1.35 OK for: form-data@4.0.5 want: ^2.1.12
547 silly fetch manifest delayed-stream@~1.0.0
548 silly packumentCache full:https://registry.npmjs.org/delayed-stream cache-miss
549 silly fetch manifest es-errors@^1.3.0
550 silly packumentCache full:https://registry.npmjs.org/es-errors cache-miss
551 silly fetch manifest get-intrinsic@^1.2.6
552 silly packumentCache full:https://registry.npmjs.org/get-intrinsic cache-miss
553 silly fetch manifest has-tostringtag@^1.0.2
554 silly packumentCache full:https://registry.npmjs.org/has-tostringtag cache-miss
555 silly fetch manifest function-bind@^1.1.2
556 silly packumentCache full:https://registry.npmjs.org/function-bind cache-miss
557 silly fetch manifest mime-db@1.52.0
558 silly packumentCache full:https://registry.npmjs.org/mime-db cache-miss
559 http fetch GET 200 https://registry.npmjs.org/es-errors 79ms (cache miss)
560 silly packumentCache full:https://registry.npmjs.org/es-errors set size:undefined disposed:false
561 http fetch GET 200 https://registry.npmjs.org/has-tostringtag 80ms (cache miss)
562 silly packumentCache full:https://registry.npmjs.org/has-tostringtag set size:undefined disposed:false
563 http fetch GET 200 https://registry.npmjs.org/delayed-stream 81ms (cache miss)
564 silly packumentCache full:https://registry.npmjs.org/delayed-stream set size:undefined disposed:false
565 http fetch GET 200 https://registry.npmjs.org/function-bind 82ms (cache miss)
566 silly packumentCache full:https://registry.npmjs.org/function-bind set size:undefined disposed:false
567 http fetch GET 200 https://registry.npmjs.org/get-intrinsic 86ms (cache miss)
568 silly packumentCache full:https://registry.npmjs.org/get-intrinsic set size:undefined disposed:false
569 http fetch GET 200 https://registry.npmjs.org/mime-db 120ms (cache miss)
570 silly packumentCache full:https://registry.npmjs.org/mime-db set size:undefined disposed:false
571 silly placeDep ROOT delayed-stream@1.0.0 OK for: combined-stream@1.0.8 want: ~1.0.0
572 silly placeDep ROOT es-errors@1.3.0 OK for: es-set-tostringtag@2.1.0 want: ^1.3.0
573 silly placeDep ROOT get-intrinsic@1.3.0 OK for: es-set-tostringtag@2.1.0 want: ^1.2.6
574 silly placeDep ROOT has-tostringtag@1.0.2 OK for: es-set-tostringtag@2.1.0 want: ^1.0.2
575 silly fetch manifest gopd@^1.2.0
576 silly packumentCache full:https://registry.npmjs.org/gopd cache-miss
577 silly fetch manifest get-proto@^1.0.1
578 silly packumentCache full:https://registry.npmjs.org/get-proto cache-miss
579 silly fetch manifest has-symbols@^1.1.0
580 silly packumentCache full:https://registry.npmjs.org/has-symbols cache-miss
581 silly fetch manifest es-object-atoms@^1.1.1
582 silly packumentCache full:https://registry.npmjs.org/es-object-atoms cache-miss
583 silly fetch manifest math-intrinsics@^1.1.0
584 silly packumentCache full:https://registry.npmjs.org/math-intrinsics cache-miss
585 silly fetch manifest es-define-property@^1.0.1
586 silly packumentCache full:https://registry.npmjs.org/es-define-property cache-miss
587 silly fetch manifest call-bind-apply-helpers@^1.0.2
588 silly packumentCache full:https://registry.npmjs.org/call-bind-apply-helpers cache-miss
589 http fetch GET 200 https://registry.npmjs.org/es-object-atoms 85ms (cache miss)
590 silly packumentCache full:https://registry.npmjs.org/es-object-atoms set size:undefined disposed:false
591 silly fetch manifest has-symbols@^1.0.3
592 silly packumentCache full:https://registry.npmjs.org/has-symbols cache-miss
593 http fetch GET 200 https://registry.npmjs.org/get-proto 87ms (cache miss)
594 silly packumentCache full:https://registry.npmjs.org/get-proto set size:undefined disposed:false
595 http fetch GET 200 https://registry.npmjs.org/es-define-property 89ms (cache miss)
596 silly packumentCache full:https://registry.npmjs.org/es-define-property set size:undefined disposed:false
597 http fetch GET 200 https://registry.npmjs.org/gopd 90ms (cache miss)
598 silly packumentCache full:https://registry.npmjs.org/gopd set size:undefined disposed:false
599 http fetch GET 200 https://registry.npmjs.org/math-intrinsics 91ms (cache miss)
600 silly packumentCache full:https://registry.npmjs.org/math-intrinsics set size:undefined disposed:false
601 http fetch GET 200 https://registry.npmjs.org/call-bind-apply-helpers 90ms (cache miss)
602 silly packumentCache full:https://registry.npmjs.org/call-bind-apply-helpers set size:undefined disposed:false
603 http fetch GET 200 https://registry.npmjs.org/has-symbols 92ms (cache miss)
604 silly packumentCache full:https://registry.npmjs.org/has-symbols set size:undefined disposed:false
605 http fetch GET 200 https://registry.npmjs.org/has-symbols 78ms (cache miss)
606 silly packumentCache full:https://registry.npmjs.org/has-symbols set size:undefined disposed:false
607 silly placeDep ROOT call-bind-apply-helpers@1.0.2 OK for: get-intrinsic@1.3.0 want: ^1.0.2
608 silly placeDep ROOT es-define-property@1.0.1 OK for: get-intrinsic@1.3.0 want: ^1.0.1
609 silly placeDep ROOT es-object-atoms@1.1.1 OK for: get-intrinsic@1.3.0 want: ^1.1.1
610 silly placeDep ROOT function-bind@1.1.2 OK for: get-intrinsic@1.3.0 want: ^1.1.2
611 silly placeDep ROOT get-proto@1.0.1 OK for: get-intrinsic@1.3.0 want: ^1.0.1
612 silly placeDep ROOT gopd@1.2.0 OK for: get-intrinsic@1.3.0 want: ^1.2.0
613 silly placeDep ROOT has-symbols@1.1.0 OK for: get-intrinsic@1.3.0 want: ^1.1.0
614 silly placeDep ROOT math-intrinsics@1.1.0 OK for: get-intrinsic@1.3.0 want: ^1.1.0
615 silly fetch manifest dunder-proto@^1.0.1
616 silly packumentCache full:https://registry.npmjs.org/dunder-proto cache-miss
617 http fetch GET 200 https://registry.npmjs.org/dunder-proto 82ms (cache miss)
618 silly packumentCache full:https://registry.npmjs.org/dunder-proto set size:undefined disposed:false
619 silly placeDep ROOT dunder-proto@1.0.1 OK for: get-proto@1.0.1 want: ^1.0.1
620 silly placeDep ROOT array-union@2.1.0 OK for: globby@11.1.0 want: ^2.1.0
621 silly placeDep ROOT dir-glob@3.0.1 OK for: globby@11.1.0 want: ^3.0.1
622 silly placeDep ROOT fast-glob@3.3.3 OK for: globby@11.1.0 want: ^3.2.9
623 silly placeDep ROOT merge2@1.4.1 OK for: globby@11.1.0 want: ^1.4.1
624 silly placeDep ROOT slash@3.0.0 OK for: globby@11.1.0 want: ^3.0.0
625 silly fetch manifest path-type@^4.0.0
626 silly packumentCache full:https://registry.npmjs.org/path-type cache-miss
627 silly fetch manifest @nodelib/fs.stat@^2.0.2
628 silly packumentCache full:https://registry.npmjs.org/@nodelib%2ffs.stat cache-miss
629 silly fetch manifest @nodelib/fs.walk@^1.2.3
630 silly packumentCache full:https://registry.npmjs.org/@nodelib%2ffs.walk cache-miss
631 silly fetch manifest glob-parent@^5.1.2
632 silly packumentCache full:https://registry.npmjs.org/glob-parent cache-miss
633 silly fetch manifest merge2@^1.3.0
634 silly packumentCache full:https://registry.npmjs.org/merge2 cache-miss
635 silly fetch manifest micromatch@^4.0.8
636 silly packumentCache full:https://registry.npmjs.org/micromatch cache-miss
637 http cache https://registry.npmjs.org/merge2 5ms (cache hit)
638 silly packumentCache full:https://registry.npmjs.org/merge2 set size:46159 disposed:false
639 http fetch GET 200 https://registry.npmjs.org/path-type 83ms (cache miss)
640 silly packumentCache full:https://registry.npmjs.org/path-type set size:undefined disposed:false
641 http fetch GET 200 https://registry.npmjs.org/glob-parent 100ms (cache miss)
642 silly packumentCache full:https://registry.npmjs.org/glob-parent set size:undefined disposed:false
643 http fetch GET 200 https://registry.npmjs.org/@nodelib%2ffs.walk 103ms (cache miss)
644 silly packumentCache full:https://registry.npmjs.org/@nodelib%2ffs.walk set size:undefined disposed:false
645 http fetch GET 200 https://registry.npmjs.org/@nodelib%2ffs.stat 109ms (cache miss)
646 silly packumentCache full:https://registry.npmjs.org/@nodelib%2ffs.stat set size:undefined disposed:false
647 http fetch GET 200 https://registry.npmjs.org/micromatch 129ms (cache miss)
648 silly packumentCache full:https://registry.npmjs.org/micromatch set size:undefined disposed:false
649 silly placeDep ROOT path-type@4.0.0 OK for: dir-glob@3.0.1 want: ^4.0.0
650 silly placeDep ROOT @nodelib/fs.stat@2.0.5 OK for: fast-glob@3.3.3 want: ^2.0.2
651 silly placeDep ROOT @nodelib/fs.walk@1.2.8 OK for: fast-glob@3.3.3 want: ^1.2.3
652 silly placeDep ROOT glob-parent@5.1.2 OK for: fast-glob@3.3.3 want: ^5.1.2
653 silly placeDep ROOT micromatch@4.0.8 OK for: fast-glob@3.3.3 want: ^4.0.8
654 silly fetch manifest fastq@^1.6.0
655 silly packumentCache full:https://registry.npmjs.org/fastq cache-miss
656 silly fetch manifest @nodelib/fs.scandir@2.1.5
657 silly packumentCache full:https://registry.npmjs.org/@nodelib%2ffs.scandir cache-miss
658 silly fetch manifest braces@^3.0.3
659 silly packumentCache full:https://registry.npmjs.org/braces cache-miss
660 silly fetch manifest picomatch@^2.3.1
661 silly packumentCache full:https://registry.npmjs.org/picomatch cache-miss
662 http fetch GET 200 https://registry.npmjs.org/fastq 75ms (cache miss)
663 silly packumentCache full:https://registry.npmjs.org/fastq set size:undefined disposed:false
664 http fetch GET 200 https://registry.npmjs.org/braces 98ms (cache miss)
665 silly packumentCache full:https://registry.npmjs.org/braces set size:undefined disposed:false
666 http fetch GET 200 https://registry.npmjs.org/@nodelib%2ffs.scandir 102ms (cache miss)
667 silly packumentCache full:https://registry.npmjs.org/@nodelib%2ffs.scandir set size:undefined disposed:false
668 http fetch GET 200 https://registry.npmjs.org/picomatch 108ms (cache miss)
669 silly packumentCache full:https://registry.npmjs.org/picomatch set size:undefined disposed:false
670 silly placeDep ROOT @nodelib/fs.scandir@2.1.5 OK for: @nodelib/fs.walk@1.2.8 want: 2.1.5
671 silly placeDep ROOT fastq@1.20.1 OK for: @nodelib/fs.walk@1.2.8 want: ^1.6.0
672 silly fetch manifest run-parallel@^1.1.9
673 silly packumentCache full:https://registry.npmjs.org/run-parallel cache-miss
674 silly fetch manifest reusify@^1.0.4
675 silly packumentCache full:https://registry.npmjs.org/reusify cache-miss
676 http fetch GET 200 https://registry.npmjs.org/reusify 75ms (cache miss)
677 silly packumentCache full:https://registry.npmjs.org/reusify set size:undefined disposed:false
678 http fetch GET 200 https://registry.npmjs.org/run-parallel 83ms (cache miss)
679 silly packumentCache full:https://registry.npmjs.org/run-parallel set size:undefined disposed:false
680 silly placeDep ROOT run-parallel@1.2.0 OK for: @nodelib/fs.scandir@2.1.5 want: ^1.1.9
681 silly fetch manifest queue-microtask@^1.2.2
682 silly packumentCache full:https://registry.npmjs.org/queue-microtask cache-miss
683 http fetch GET 200 https://registry.npmjs.org/queue-microtask 344ms (cache miss)
684 silly packumentCache full:https://registry.npmjs.org/queue-microtask set size:undefined disposed:false
685 silly placeDep ROOT reusify@1.1.0 OK for: fastq@1.20.1 want: ^1.0.4
686 silly placeDep ROOT is-extglob@2.1.1 OK for: is-glob@4.0.3 want: ^2.1.1
687 silly placeDep ROOT yallist@3.1.1 OK for: lru-cache@5.1.1 want: ^3.0.2
688 silly placeDep ROOT braces@3.0.3 OK for: micromatch@4.0.8 want: ^3.0.3
689 silly placeDep ROOT picomatch@2.3.2 OK for: micromatch@4.0.8 want: ^2.3.1
690 silly fetch manifest fill-range@^7.1.1
691 silly packumentCache full:https://registry.npmjs.org/fill-range cache-miss
692 http fetch GET 200 https://registry.npmjs.org/fill-range 85ms (cache miss)
693 silly packumentCache full:https://registry.npmjs.org/fill-range set size:undefined disposed:false
694 silly placeDep ROOT fill-range@7.1.1 OK for: braces@3.0.3 want: ^7.1.1
695 silly fetch manifest to-regex-range@^5.0.1
696 silly packumentCache full:https://registry.npmjs.org/to-regex-range cache-miss
697 http fetch GET 200 https://registry.npmjs.org/to-regex-range 92ms (cache miss)
698 silly packumentCache full:https://registry.npmjs.org/to-regex-range set size:undefined disposed:false
699 silly placeDep ROOT to-regex-range@5.0.1 OK for: fill-range@7.1.1 want: ^5.0.1
700 silly fetch manifest is-number@^7.0.0
701 silly packumentCache full:https://registry.npmjs.org/is-number cache-miss
702 http fetch GET 200 https://registry.npmjs.org/is-number 82ms (cache miss)
703 silly packumentCache full:https://registry.npmjs.org/is-number set size:undefined disposed:false
704 silly placeDep ROOT mime-db@1.52.0 OK for: mime-types@2.1.35 want: 1.52.0
705 silly placeDep ROOT brace-expansion@2.1.0 OK for: minimatch@9.0.9 want: ^2.0.2
706 silly fetch manifest balanced-match@^1.0.0
707 silly packumentCache full:https://registry.npmjs.org/balanced-match cache-miss
708 http fetch GET 200 https://registry.npmjs.org/balanced-match 102ms (cache miss)
709 silly packumentCache full:https://registry.npmjs.org/balanced-match set size:undefined disposed:false
710 silly placeDep ROOT balanced-match@1.0.2 OK for: brace-expansion@2.1.0 want: ^1.0.0
711 silly placeDep ROOT loose-envify@1.4.0 OK for: react@18.3.1 want: ^1.1.0
712 silly placeDep ROOT scheduler@0.23.2 OK for: react-dom@18.3.1 want: ^0.23.2
713 silly placeDep ROOT @remix-run/router@1.23.2 OK for: react-router-dom@6.30.3 want: 1.23.2
714 silly placeDep ROOT react-router@6.30.3 OK for: react-router-dom@6.30.3 want: 6.30.3
715 silly placeDep ROOT queue-microtask@1.2.3 OK for: run-parallel@1.2.0 want: ^1.2.2
716 silly placeDep ROOT is-number@7.0.0 OK for: to-regex-range@5.0.1 want: ^7.0.0
717 silly placeDep ROOT escalade@3.2.0 OK for: update-browserslist-db@1.2.3 want: ^3.2.0
718 silly placeDep ROOT esbuild@0.21.5 OK for: vite@5.4.21 want: ^0.21.3
719 silly placeDep ROOT fsevents@2.3.3 OK for: vite@5.4.21 want: ~2.3.3
720 silly placeDep ROOT postcss@8.5.14 OK for: vite@5.4.21 want: ^8.4.43
721 silly placeDep ROOT rollup@4.60.3 OK for: vite@5.4.21 want: ^4.20.0
722 silly fetch manifest @esbuild/aix-ppc64@0.21.5
723 silly packumentCache full:https://registry.npmjs.org/@esbuild%2faix-ppc64 cache-miss
724 silly fetch manifest @esbuild/linux-arm@0.21.5
725 silly packumentCache full:https://registry.npmjs.org/@esbuild%2flinux-arm cache-miss
726 silly fetch manifest @esbuild/linux-x64@0.21.5
727 silly packumentCache full:https://registry.npmjs.org/@esbuild%2flinux-x64 cache-miss
728 silly fetch manifest @esbuild/sunos-x64@0.21.5
729 silly packumentCache full:https://registry.npmjs.org/@esbuild%2fsunos-x64 cache-miss
730 silly fetch manifest @esbuild/win32-x64@0.21.5
731 silly packumentCache full:https://registry.npmjs.org/@esbuild%2fwin32-x64 cache-miss
732 silly fetch manifest @esbuild/darwin-x64@0.21.5
733 silly packumentCache full:https://registry.npmjs.org/@esbuild%2fdarwin-x64 cache-miss
734 silly fetch manifest @esbuild/linux-ia32@0.21.5
735 silly packumentCache full:https://registry.npmjs.org/@esbuild%2flinux-ia32 cache-miss
736 http fetch GET 200 https://registry.npmjs.org/@esbuild%2faix-ppc64 131ms (cache miss)
737 silly packumentCache full:https://registry.npmjs.org/@esbuild%2faix-ppc64 set size:undefined disposed:false
738 silly fetch manifest @esbuild/netbsd-x64@0.21.5
739 silly packumentCache full:https://registry.npmjs.org/@esbuild%2fnetbsd-x64 cache-miss
740 http fetch GET 200 https://registry.npmjs.org/@esbuild%2flinux-arm 165ms (cache miss)
741 silly packumentCache full:https://registry.npmjs.org/@esbuild%2flinux-arm set size:undefined disposed:false
742 silly fetch manifest @esbuild/win32-ia32@0.21.5
743 silly packumentCache full:https://registry.npmjs.org/@esbuild%2fwin32-ia32 cache-miss
744 http fetch GET 200 https://registry.npmjs.org/@esbuild%2fdarwin-x64 184ms (cache miss)
745 silly packumentCache full:https://registry.npmjs.org/@esbuild%2fdarwin-x64 set size:undefined disposed:false
746 silly fetch manifest @esbuild/android-arm@0.21.5
747 silly packumentCache full:https://registry.npmjs.org/@esbuild%2fandroid-arm cache-miss
748 http fetch GET 200 https://registry.npmjs.org/@esbuild%2fwin32-x64 188ms (cache miss)
749 silly packumentCache full:https://registry.npmjs.org/@esbuild%2fwin32-x64 set size:undefined disposed:false
750 silly fetch manifest @esbuild/android-x64@0.21.5
751 silly packumentCache full:https://registry.npmjs.org/@esbuild%2fandroid-x64 cache-miss
752 http fetch GET 200 https://registry.npmjs.org/@esbuild%2flinux-ia32 192ms (cache miss)
753 silly packumentCache full:https://registry.npmjs.org/@esbuild%2flinux-ia32 set size:undefined disposed:false
754 silly fetch manifest @esbuild/freebsd-x64@0.21.5
755 silly packumentCache full:https://registry.npmjs.org/@esbuild%2ffreebsd-x64 cache-miss
756 http fetch GET 200 https://registry.npmjs.org/@esbuild%2flinux-x64 195ms (cache miss)
757 silly packumentCache full:https://registry.npmjs.org/@esbuild%2flinux-x64 set size:undefined disposed:false
758 silly fetch manifest @esbuild/linux-arm64@0.21.5
759 silly packumentCache full:https://registry.npmjs.org/@esbuild%2flinux-arm64 cache-miss
760 http fetch GET 200 https://registry.npmjs.org/@esbuild%2fsunos-x64 256ms (cache miss)
761 silly packumentCache full:https://registry.npmjs.org/@esbuild%2fsunos-x64 set size:undefined disposed:false
762 silly fetch manifest @esbuild/linux-ppc64@0.21.5
763 silly packumentCache full:https://registry.npmjs.org/@esbuild%2flinux-ppc64 cache-miss
764 http fetch GET 200 https://registry.npmjs.org/@esbuild%2fwin32-ia32 131ms (cache miss)
765 silly packumentCache full:https://registry.npmjs.org/@esbuild%2fwin32-ia32 set size:undefined disposed:false
766 silly fetch manifest @esbuild/linux-s390x@0.21.5
767 silly packumentCache full:https://registry.npmjs.org/@esbuild%2flinux-s390x cache-miss
768 http fetch GET 200 https://registry.npmjs.org/@esbuild%2fnetbsd-x64 196ms (cache miss)
769 silly packumentCache full:https://registry.npmjs.org/@esbuild%2fnetbsd-x64 set size:undefined disposed:false
770 silly fetch manifest @esbuild/openbsd-x64@0.21.5
771 silly packumentCache full:https://registry.npmjs.org/@esbuild%2fopenbsd-x64 cache-miss
772 http fetch GET 200 https://registry.npmjs.org/@esbuild%2fandroid-x64 142ms (cache miss)
773 silly packumentCache full:https://registry.npmjs.org/@esbuild%2fandroid-x64 set size:undefined disposed:false
774 silly fetch manifest @esbuild/win32-arm64@0.21.5
775 silly packumentCache full:https://registry.npmjs.org/@esbuild%2fwin32-arm64 cache-miss
776 http fetch GET 200 https://registry.npmjs.org/@esbuild%2fandroid-arm 148ms (cache miss)
777 silly packumentCache full:https://registry.npmjs.org/@esbuild%2fandroid-arm set size:undefined disposed:false
778 silly fetch manifest @esbuild/darwin-arm64@0.21.5
779 silly packumentCache full:https://registry.npmjs.org/@esbuild%2fdarwin-arm64 cache-miss
780 http fetch GET 200 https://registry.npmjs.org/@esbuild%2flinux-ppc64 94ms (cache miss)
781 silly packumentCache full:https://registry.npmjs.org/@esbuild%2flinux-ppc64 set size:undefined disposed:false
782 silly fetch manifest @esbuild/android-arm64@0.21.5
783 silly packumentCache full:https://registry.npmjs.org/@esbuild%2fandroid-arm64 cache-miss
784 http fetch GET 200 https://registry.npmjs.org/@esbuild%2ffreebsd-x64 159ms (cache miss)
785 silly packumentCache full:https://registry.npmjs.org/@esbuild%2ffreebsd-x64 set size:undefined disposed:false
786 silly fetch manifest @esbuild/freebsd-arm64@0.21.5
787 silly packumentCache full:https://registry.npmjs.org/@esbuild%2ffreebsd-arm64 cache-miss
788 http fetch GET 200 https://registry.npmjs.org/@esbuild%2flinux-arm64 158ms (cache miss)
789 silly packumentCache full:https://registry.npmjs.org/@esbuild%2flinux-arm64 set size:undefined disposed:false
790 silly fetch manifest @esbuild/linux-loong64@0.21.5
791 silly packumentCache full:https://registry.npmjs.org/@esbuild%2flinux-loong64 cache-miss
792 http fetch GET 200 https://registry.npmjs.org/@esbuild%2flinux-s390x 122ms (cache miss)
793 silly packumentCache full:https://registry.npmjs.org/@esbuild%2flinux-s390x set size:undefined disposed:false
794 silly fetch manifest @esbuild/linux-riscv64@0.21.5
795 silly packumentCache full:https://registry.npmjs.org/@esbuild%2flinux-riscv64 cache-miss
796 http fetch GET 200 https://registry.npmjs.org/@esbuild%2fopenbsd-x64 139ms (cache miss)
797 silly packumentCache full:https://registry.npmjs.org/@esbuild%2fopenbsd-x64 set size:undefined disposed:false
798 silly fetch manifest @esbuild/linux-mips64el@0.21.5
799 silly packumentCache full:https://registry.npmjs.org/@esbuild%2flinux-mips64el cache-miss
800 http fetch GET 200 https://registry.npmjs.org/@esbuild%2fdarwin-arm64 143ms (cache miss)
801 silly packumentCache full:https://registry.npmjs.org/@esbuild%2fdarwin-arm64 set size:undefined disposed:false
802 silly fetch manifest nanoid@^3.3.11
803 silly packumentCache full:https://registry.npmjs.org/nanoid cache-miss
804 http fetch GET 200 https://registry.npmjs.org/@esbuild%2fwin32-arm64 163ms (cache miss)
805 silly packumentCache full:https://registry.npmjs.org/@esbuild%2fwin32-arm64 set size:undefined disposed:false
806 silly fetch manifest source-map-js@^1.2.1
807 silly packumentCache full:https://registry.npmjs.org/source-map-js cache-miss
808 http fetch GET 200 https://registry.npmjs.org/@esbuild%2ffreebsd-arm64 148ms (cache miss)
809 silly packumentCache full:https://registry.npmjs.org/@esbuild%2ffreebsd-arm64 set size:undefined disposed:false
810 silly fetch manifest @types/estree@1.0.8
811 silly packumentCache full:https://registry.npmjs.org/@types%2festree cache-miss
812 http fetch GET 200 https://registry.npmjs.org/@esbuild%2flinux-loong64 158ms (cache miss)
813 silly packumentCache full:https://registry.npmjs.org/@esbuild%2flinux-loong64 set size:undefined disposed:false
814 silly fetch manifest @rollup/rollup-darwin-arm64@4.60.3
815 silly packumentCache full:https://registry.npmjs.org/@rollup%2frollup-darwin-arm64 cache-miss
816 http fetch GET 200 https://registry.npmjs.org/@esbuild%2flinux-riscv64 128ms (cache miss)
817 silly packumentCache full:https://registry.npmjs.org/@esbuild%2flinux-riscv64 set size:undefined disposed:false
818 silly fetch manifest @rollup/rollup-android-arm64@4.60.3
819 silly packumentCache full:https://registry.npmjs.org/@rollup%2frollup-android-arm64 cache-miss
820 http fetch GET 200 https://registry.npmjs.org/source-map-js 99ms (cache miss)
821 silly packumentCache full:https://registry.npmjs.org/source-map-js set size:undefined disposed:false
822 silly fetch manifest @rollup/rollup-win32-arm64-msvc@4.60.3
823 silly packumentCache full:https://registry.npmjs.org/@rollup%2frollup-win32-arm64-msvc cache-miss
824 http fetch GET 200 https://registry.npmjs.org/@esbuild%2flinux-mips64el 175ms (cache miss)
825 silly packumentCache full:https://registry.npmjs.org/@esbuild%2flinux-mips64el set size:undefined disposed:false
826 silly fetch manifest @rollup/rollup-freebsd-arm64@4.60.3
827 silly packumentCache full:https://registry.npmjs.org/@rollup%2frollup-freebsd-arm64 cache-miss
828 http fetch GET 200 https://registry.npmjs.org/nanoid 168ms (cache miss)
829 silly packumentCache full:https://registry.npmjs.org/nanoid set size:undefined disposed:false
830 silly fetch manifest @rollup/rollup-linux-arm64-gnu@4.60.3
831 silly packumentCache full:https://registry.npmjs.org/@rollup%2frollup-linux-arm64-gnu cache-miss
832 http fetch GET 200 https://registry.npmjs.org/@types%2festree 149ms (cache miss)
833 silly packumentCache full:https://registry.npmjs.org/@types%2festree set size:undefined disposed:false
834 silly fetch manifest @rollup/rollup-linux-arm64-musl@4.60.3
835 silly packumentCache full:https://registry.npmjs.org/@rollup%2frollup-linux-arm64-musl cache-miss
836 http fetch GET 200 https://registry.npmjs.org/@rollup%2frollup-android-arm64 119ms (cache miss)
837 silly packumentCache full:https://registry.npmjs.org/@rollup%2frollup-android-arm64 set size:undefined disposed:false
838 silly fetch manifest @rollup/rollup-android-arm-eabi@4.60.3
839 silly packumentCache full:https://registry.npmjs.org/@rollup%2frollup-android-arm-eabi cache-miss
840 http fetch GET 200 https://registry.npmjs.org/@rollup%2frollup-darwin-arm64 161ms (cache miss)
841 silly packumentCache full:https://registry.npmjs.org/@rollup%2frollup-darwin-arm64 set size:undefined disposed:false
842 silly fetch manifest @rollup/rollup-linux-arm-gnueabihf@4.60.3
843 silly packumentCache full:https://registry.npmjs.org/@rollup%2frollup-linux-arm-gnueabihf cache-miss
844 http fetch GET 200 https://registry.npmjs.org/@esbuild%2fandroid-arm64 345ms (cache miss)
845 silly packumentCache full:https://registry.npmjs.org/@esbuild%2fandroid-arm64 set size:undefined disposed:false
846 silly fetch manifest @rollup/rollup-linux-arm-musleabihf@4.60.3
847 silly packumentCache full:https://registry.npmjs.org/@rollup%2frollup-linux-arm-musleabihf cache-miss
848 http fetch GET 200 https://registry.npmjs.org/@rollup%2frollup-win32-arm64-msvc 161ms (cache miss)
849 silly packumentCache full:https://registry.npmjs.org/@rollup%2frollup-win32-arm64-msvc set size:undefined disposed:false
850 silly fetch manifest @rollup/rollup-win32-ia32-msvc@4.60.3
851 silly packumentCache full:https://registry.npmjs.org/@rollup%2frollup-win32-ia32-msvc cache-miss
852 http fetch GET 200 https://registry.npmjs.org/@rollup%2frollup-linux-arm-musleabihf 94ms (cache miss)
853 silly packumentCache full:https://registry.npmjs.org/@rollup%2frollup-linux-arm-musleabihf set size:undefined disposed:false
854 silly fetch manifest @rollup/rollup-linux-loong64-gnu@4.60.3
855 silly packumentCache full:https://registry.npmjs.org/@rollup%2frollup-linux-loong64-gnu cache-miss
856 http fetch GET 200 https://registry.npmjs.org/@rollup%2frollup-android-arm-eabi 138ms (cache miss)
857 silly packumentCache full:https://registry.npmjs.org/@rollup%2frollup-android-arm-eabi set size:undefined disposed:false
858 silly fetch manifest @rollup/rollup-linux-loong64-musl@4.60.3
859 silly packumentCache full:https://registry.npmjs.org/@rollup%2frollup-linux-loong64-musl cache-miss
860 http fetch GET 200 https://registry.npmjs.org/@rollup%2frollup-freebsd-arm64 171ms (cache miss)
861 silly packumentCache full:https://registry.npmjs.org/@rollup%2frollup-freebsd-arm64 set size:undefined disposed:false
862 silly fetch manifest @rollup/rollup-linux-riscv64-gnu@4.60.3
863 silly packumentCache full:https://registry.npmjs.org/@rollup%2frollup-linux-riscv64-gnu cache-miss
864 http fetch GET 200 https://registry.npmjs.org/@rollup%2frollup-linux-arm-gnueabihf 162ms (cache miss)
865 silly packumentCache full:https://registry.npmjs.org/@rollup%2frollup-linux-arm-gnueabihf set size:undefined disposed:false
866 silly fetch manifest @rollup/rollup-linux-riscv64-musl@4.60.3
867 silly packumentCache full:https://registry.npmjs.org/@rollup%2frollup-linux-riscv64-musl cache-miss
868 http fetch GET 200 https://registry.npmjs.org/@rollup%2frollup-linux-arm64-musl 193ms (cache miss)
869 silly packumentCache full:https://registry.npmjs.org/@rollup%2frollup-linux-arm64-musl set size:undefined disposed:false
870 silly fetch manifest @rollup/rollup-linux-ppc64-gnu@4.60.3
871 silly packumentCache full:https://registry.npmjs.org/@rollup%2frollup-linux-ppc64-gnu cache-miss
872 http fetch GET 200 https://registry.npmjs.org/@rollup%2frollup-linux-arm64-gnu 203ms (cache miss)
873 silly packumentCache full:https://registry.npmjs.org/@rollup%2frollup-linux-arm64-gnu set size:undefined disposed:false
874 silly fetch manifest @rollup/rollup-linux-ppc64-musl@4.60.3
875 silly packumentCache full:https://registry.npmjs.org/@rollup%2frollup-linux-ppc64-musl cache-miss
876 http fetch GET 200 https://registry.npmjs.org/@rollup%2frollup-win32-ia32-msvc 148ms (cache miss)
877 silly packumentCache full:https://registry.npmjs.org/@rollup%2frollup-win32-ia32-msvc set size:undefined disposed:false
878 silly fetch manifest @rollup/rollup-linux-s390x-gnu@4.60.3
879 silly packumentCache full:https://registry.npmjs.org/@rollup%2frollup-linux-s390x-gnu cache-miss
880 http fetch GET 200 https://registry.npmjs.org/@rollup%2frollup-linux-loong64-gnu 125ms (cache miss)
881 silly packumentCache full:https://registry.npmjs.org/@rollup%2frollup-linux-loong64-gnu set size:undefined disposed:false
882 silly fetch manifest @rollup/rollup-darwin-x64@4.60.3
883 silly packumentCache full:https://registry.npmjs.org/@rollup%2frollup-darwin-x64 cache-miss
884 http fetch GET 200 https://registry.npmjs.org/@rollup%2frollup-linux-loong64-musl 124ms (cache miss)
885 silly packumentCache full:https://registry.npmjs.org/@rollup%2frollup-linux-loong64-musl set size:undefined disposed:false
886 silly fetch manifest @rollup/rollup-win32-x64-gnu@4.60.3
887 silly packumentCache full:https://registry.npmjs.org/@rollup%2frollup-win32-x64-gnu cache-miss
888 http fetch GET 200 https://registry.npmjs.org/@rollup%2frollup-linux-ppc64-musl 95ms (cache miss)
889 silly packumentCache full:https://registry.npmjs.org/@rollup%2frollup-linux-ppc64-musl set size:undefined disposed:false
890 silly fetch manifest @rollup/rollup-win32-x64-msvc@4.60.3
891 silly packumentCache full:https://registry.npmjs.org/@rollup%2frollup-win32-x64-msvc cache-miss
892 http fetch GET 200 https://registry.npmjs.org/@rollup%2frollup-linux-riscv64-musl 111ms (cache miss)
893 silly packumentCache full:https://registry.npmjs.org/@rollup%2frollup-linux-riscv64-musl set size:undefined disposed:false
894 silly fetch manifest @rollup/rollup-freebsd-x64@4.60.3
895 silly packumentCache full:https://registry.npmjs.org/@rollup%2frollup-freebsd-x64 cache-miss
896 http fetch GET 200 https://registry.npmjs.org/@rollup%2frollup-linux-riscv64-gnu 137ms (cache miss)
897 silly packumentCache full:https://registry.npmjs.org/@rollup%2frollup-linux-riscv64-gnu set size:undefined disposed:false
898 silly fetch manifest @rollup/rollup-linux-x64-gnu@4.60.3
899 silly packumentCache full:https://registry.npmjs.org/@rollup%2frollup-linux-x64-gnu cache-miss
900 http fetch GET 200 https://registry.npmjs.org/@rollup%2frollup-linux-ppc64-gnu 110ms (cache miss)
901 silly packumentCache full:https://registry.npmjs.org/@rollup%2frollup-linux-ppc64-gnu set size:undefined disposed:false
902 silly fetch manifest @rollup/rollup-linux-x64-musl@4.60.3
903 silly packumentCache full:https://registry.npmjs.org/@rollup%2frollup-linux-x64-musl cache-miss
904 http fetch GET 200 https://registry.npmjs.org/@rollup%2frollup-darwin-x64 91ms (cache miss)
905 silly packumentCache full:https://registry.npmjs.org/@rollup%2frollup-darwin-x64 set size:undefined disposed:false
906 silly fetch manifest @rollup/rollup-openbsd-x64@4.60.3
907 silly packumentCache full:https://registry.npmjs.org/@rollup%2frollup-openbsd-x64 cache-miss
908 http fetch GET 200 https://registry.npmjs.org/@rollup%2frollup-linux-s390x-gnu 134ms (cache miss)
909 silly packumentCache full:https://registry.npmjs.org/@rollup%2frollup-linux-s390x-gnu set size:undefined disposed:false
910 silly fetch manifest @rollup/rollup-openharmony-arm64@4.60.3
911 silly packumentCache full:https://registry.npmjs.org/@rollup%2frollup-openharmony-arm64 cache-miss
912 http fetch GET 200 https://registry.npmjs.org/@rollup%2frollup-win32-x64-gnu 106ms (cache miss)
913 silly packumentCache full:https://registry.npmjs.org/@rollup%2frollup-win32-x64-gnu set size:undefined disposed:false
914 http fetch GET 200 https://registry.npmjs.org/@rollup%2frollup-freebsd-x64 120ms (cache miss)
915 silly packumentCache full:https://registry.npmjs.org/@rollup%2frollup-freebsd-x64 set size:undefined disposed:false
916 http fetch GET 200 https://registry.npmjs.org/@rollup%2frollup-openbsd-x64 84ms (cache miss)
917 silly packumentCache full:https://registry.npmjs.org/@rollup%2frollup-openbsd-x64 set size:undefined disposed:false
918 http fetch GET 200 https://registry.npmjs.org/@rollup%2frollup-linux-x64-musl 143ms (cache miss)
919 silly packumentCache full:https://registry.npmjs.org/@rollup%2frollup-linux-x64-musl set size:undefined disposed:false
920 http fetch GET 200 https://registry.npmjs.org/@rollup%2frollup-linux-x64-gnu 151ms (cache miss)
921 silly packumentCache full:https://registry.npmjs.org/@rollup%2frollup-linux-x64-gnu set size:undefined disposed:false
922 http fetch GET 200 https://registry.npmjs.org/@rollup%2frollup-win32-x64-msvc 167ms (cache miss)
923 silly packumentCache full:https://registry.npmjs.org/@rollup%2frollup-win32-x64-msvc set size:undefined disposed:false
924 http fetch GET 200 https://registry.npmjs.org/@rollup%2frollup-openharmony-arm64 91ms (cache miss)
925 silly packumentCache full:https://registry.npmjs.org/@rollup%2frollup-openharmony-arm64 set size:undefined disposed:false
926 silly placeDep ROOT @esbuild/aix-ppc64@0.21.5 OK for: esbuild@0.21.5 want: 0.21.5
927 silly placeDep ROOT @esbuild/android-arm@0.21.5 OK for: esbuild@0.21.5 want: 0.21.5
928 silly placeDep ROOT @esbuild/android-arm64@0.21.5 OK for: esbuild@0.21.5 want: 0.21.5
929 silly placeDep ROOT @esbuild/android-x64@0.21.5 OK for: esbuild@0.21.5 want: 0.21.5
930 silly placeDep ROOT @esbuild/darwin-arm64@0.21.5 OK for: esbuild@0.21.5 want: 0.21.5
931 silly placeDep ROOT @esbuild/darwin-x64@0.21.5 OK for: esbuild@0.21.5 want: 0.21.5
932 silly placeDep ROOT @esbuild/freebsd-arm64@0.21.5 OK for: esbuild@0.21.5 want: 0.21.5
933 silly placeDep ROOT @esbuild/freebsd-x64@0.21.5 OK for: esbuild@0.21.5 want: 0.21.5
934 silly placeDep ROOT @esbuild/linux-arm@0.21.5 OK for: esbuild@0.21.5 want: 0.21.5
935 silly placeDep ROOT @esbuild/linux-arm64@0.21.5 OK for: esbuild@0.21.5 want: 0.21.5
936 silly placeDep ROOT @esbuild/linux-ia32@0.21.5 OK for: esbuild@0.21.5 want: 0.21.5
937 silly placeDep ROOT @esbuild/linux-loong64@0.21.5 OK for: esbuild@0.21.5 want: 0.21.5
938 silly placeDep ROOT @esbuild/linux-mips64el@0.21.5 OK for: esbuild@0.21.5 want: 0.21.5
939 silly placeDep ROOT @esbuild/linux-ppc64@0.21.5 OK for: esbuild@0.21.5 want: 0.21.5
940 silly placeDep ROOT @esbuild/linux-riscv64@0.21.5 OK for: esbuild@0.21.5 want: 0.21.5
941 silly placeDep ROOT @esbuild/linux-s390x@0.21.5 OK for: esbuild@0.21.5 want: 0.21.5
942 silly placeDep ROOT @esbuild/linux-x64@0.21.5 OK for: esbuild@0.21.5 want: 0.21.5
943 silly placeDep ROOT @esbuild/netbsd-x64@0.21.5 OK for: esbuild@0.21.5 want: 0.21.5
944 silly placeDep ROOT @esbuild/openbsd-x64@0.21.5 OK for: esbuild@0.21.5 want: 0.21.5
945 silly placeDep ROOT @esbuild/sunos-x64@0.21.5 OK for: esbuild@0.21.5 want: 0.21.5
946 silly placeDep ROOT @esbuild/win32-arm64@0.21.5 OK for: esbuild@0.21.5 want: 0.21.5
947 silly placeDep ROOT @esbuild/win32-ia32@0.21.5 OK for: esbuild@0.21.5 want: 0.21.5
948 silly placeDep ROOT @esbuild/win32-x64@0.21.5 OK for: esbuild@0.21.5 want: 0.21.5
949 silly placeDep ROOT nanoid@3.3.12 OK for: postcss@8.5.14 want: ^3.3.11
950 silly placeDep ROOT source-map-js@1.2.1 OK for: postcss@8.5.14 want: ^1.2.1
951 silly placeDep ROOT @rollup/rollup-android-arm-eabi@4.60.3 OK for: rollup@4.60.3 want: 4.60.3
952 silly placeDep ROOT @rollup/rollup-android-arm64@4.60.3 OK for: rollup@4.60.3 want: 4.60.3
953 silly placeDep ROOT @rollup/rollup-darwin-arm64@4.60.3 OK for: rollup@4.60.3 want: 4.60.3
954 silly placeDep ROOT @rollup/rollup-darwin-x64@4.60.3 OK for: rollup@4.60.3 want: 4.60.3
955 silly placeDep ROOT @rollup/rollup-freebsd-arm64@4.60.3 OK for: rollup@4.60.3 want: 4.60.3
956 silly placeDep ROOT @rollup/rollup-freebsd-x64@4.60.3 OK for: rollup@4.60.3 want: 4.60.3
957 silly placeDep ROOT @rollup/rollup-linux-arm-gnueabihf@4.60.3 OK for: rollup@4.60.3 want: 4.60.3
958 silly placeDep ROOT @rollup/rollup-linux-arm-musleabihf@4.60.3 OK for: rollup@4.60.3 want: 4.60.3
959 silly placeDep ROOT @rollup/rollup-linux-arm64-gnu@4.60.3 OK for: rollup@4.60.3 want: 4.60.3
960 silly placeDep ROOT @rollup/rollup-linux-arm64-musl@4.60.3 OK for: rollup@4.60.3 want: 4.60.3
961 silly placeDep ROOT @rollup/rollup-linux-loong64-gnu@4.60.3 OK for: rollup@4.60.3 want: 4.60.3
962 silly placeDep ROOT @rollup/rollup-linux-loong64-musl@4.60.3 OK for: rollup@4.60.3 want: 4.60.3
963 silly placeDep ROOT @rollup/rollup-linux-ppc64-gnu@4.60.3 OK for: rollup@4.60.3 want: 4.60.3
964 silly placeDep ROOT @rollup/rollup-linux-ppc64-musl@4.60.3 OK for: rollup@4.60.3 want: 4.60.3
965 silly placeDep ROOT @rollup/rollup-linux-riscv64-gnu@4.60.3 OK for: rollup@4.60.3 want: 4.60.3
966 silly placeDep ROOT @rollup/rollup-linux-riscv64-musl@4.60.3 OK for: rollup@4.60.3 want: 4.60.3
967 silly placeDep ROOT @rollup/rollup-linux-s390x-gnu@4.60.3 OK for: rollup@4.60.3 want: 4.60.3
968 silly placeDep ROOT @rollup/rollup-linux-x64-gnu@4.60.3 OK for: rollup@4.60.3 want: 4.60.3
969 silly placeDep ROOT @rollup/rollup-linux-x64-musl@4.60.3 OK for: rollup@4.60.3 want: 4.60.3
970 silly placeDep ROOT @rollup/rollup-openbsd-x64@4.60.3 OK for: rollup@4.60.3 want: 4.60.3
971 silly placeDep ROOT @rollup/rollup-openharmony-arm64@4.60.3 OK for: rollup@4.60.3 want: 4.60.3
972 silly placeDep ROOT @rollup/rollup-win32-arm64-msvc@4.60.3 OK for: rollup@4.60.3 want: 4.60.3
973 silly placeDep ROOT @rollup/rollup-win32-ia32-msvc@4.60.3 OK for: rollup@4.60.3 want: 4.60.3
974 silly placeDep ROOT @rollup/rollup-win32-x64-gnu@4.60.3 OK for: rollup@4.60.3 want: 4.60.3
975 silly placeDep ROOT @rollup/rollup-win32-x64-msvc@4.60.3 OK for: rollup@4.60.3 want: 4.60.3
976 silly placeDep ROOT @types/estree@1.0.8 OK for: rollup@4.60.3 want: 1.0.8
977 silly reify moves {}
978 silly audit bulk request {
978 silly audit   '@types/react': [ '18.3.28' ],
978 silly audit   '@types/react-dom': [ '18.3.7' ],
978 silly audit   '@typescript-eslint/eslint-plugin': [ '7.18.0' ],
978 silly audit   '@typescript-eslint/parser': [ '7.18.0' ],
978 silly audit   '@vitejs/plugin-react': [ '4.7.0' ],
978 silly audit   axios: [ '1.16.0' ],
978 silly audit   'lucide-react': [ '0.363.0' ],
978 silly audit   react: [ '18.3.1' ],
978 silly audit   'react-dom': [ '18.3.1' ],
978 silly audit   'react-router-dom': [ '6.30.3' ],
978 silly audit   typescript: [ '5.9.3' ],
978 silly audit   vite: [ '5.4.21' ],
978 silly audit   '@types/prop-types': [ '15.7.15' ],
978 silly audit   csstype: [ '3.2.3' ],
978 silly audit   '@eslint-community/regexpp': [ '4.12.2' ],
978 silly audit   '@typescript-eslint/scope-manager': [ '7.18.0' ],
978 silly audit   '@typescript-eslint/type-utils': [ '7.18.0' ],
978 silly audit   '@typescript-eslint/utils': [ '7.18.0' ],
978 silly audit   '@typescript-eslint/visitor-keys': [ '7.18.0' ],
978 silly audit   graphemer: [ '1.4.0' ],
978 silly audit   ignore: [ '5.3.2' ],
978 silly audit   'natural-compare': [ '1.4.0' ],
978 silly audit   'ts-api-utils': [ '1.4.3' ],
978 silly audit   '@typescript-eslint/types': [ '7.18.0' ],
978 silly audit   '@typescript-eslint/typescript-estree': [ '7.18.0' ],
978 silly audit   debug: [ '4.4.3' ],
978 silly audit   globby: [ '11.1.0' ],
978 silly audit   'is-glob': [ '4.0.3' ],
978 silly audit   minimatch: [ '9.0.9' ],
978 silly audit   semver: [ '7.8.0', '6.3.1' ],
978 silly audit   '@eslint-community/eslint-utils': [ '4.9.1' ],
978 silly audit   'eslint-visitor-keys': [ '3.4.3' ],
978 silly audit   '@babel/core': [ '7.29.0' ],
978 silly audit   '@babel/plugin-transform-react-jsx-self': [ '7.27.1' ],
978 silly audit   '@babel/plugin-transform-react-jsx-source': [ '7.27.1' ],
978 silly audit   '@rolldown/pluginutils': [ '1.0.0-beta.27' ],
978 silly audit   '@types/babel__core': [ '7.20.5' ],
978 silly audit   'react-refresh': [ '0.17.0' ],
978 silly audit   '@babel/code-frame': [ '7.29.0' ],
978 silly audit   '@babel/generator': [ '7.29.1' ],
978 silly audit   '@babel/helper-compilation-targets': [ '7.28.6' ],
978 silly audit   '@babel/helper-module-transforms': [ '7.28.6' ],
978 silly audit   '@babel/helpers': [ '7.29.2' ],
978 silly audit   '@babel/parser': [ '7.29.3' ],
978 silly audit   '@babel/template': [ '7.28.6' ],
978 silly audit   '@babel/traverse': [ '7.29.0' ],
978 silly audit   '@babel/types': [ '7.29.0' ],
978 silly audit   '@jridgewell/remapping': [ '2.3.5' ],
978 silly audit   'convert-source-map': [ '2.0.0' ],
978 silly audit   gensync: [ '1.0.0-beta.2' ],
978 silly audit   json5: [ '2.2.3' ],
978 silly audit   '@babel/helper-validator-identifier': [ '7.28.5' ],
978 silly audit   'js-tokens': [ '4.0.0' ],
978 silly audit   picocolors: [ '1.1.1' ],
978 silly audit   '@jridgewell/gen-mapping': [ '0.3.13' ],
978 silly audit   '@jridgewell/trace-mapping': [ '0.3.31' ],
978 silly audit   jsesc: [ '3.1.0' ],
978 silly audit   '@babel/compat-data': [ '7.29.3' ],
978 silly audit   '@babel/helper-validator-option': [ '7.27.1' ],
978 silly audit   browserslist: [ '4.28.2' ],
978 silly audit   'lru-cache': [ '5.1.1' ],
978 silly audit   '@babel/helper-module-imports': [ '7.28.6' ],
978 silly audit   '@babel/helper-plugin-utils': [ '7.28.6' ],
978 silly audit   '@babel/helper-globals': [ '7.28.0' ],
978 silly audit   '@babel/helper-string-parser': [ '7.27.1' ],
978 silly audit   '@jridgewell/sourcemap-codec': [ '1.5.5' ],
978 silly audit   '@jridgewell/resolve-uri': [ '3.1.2' ],
978 silly audit   '@types/babel__generator': [ '7.27.0' ],
978 silly audit   '@types/babel__template': [ '7.4.4' ],
978 silly audit   '@types/babel__traverse': [ '7.28.0' ],
978 silly audit   'follow-redirects': [ '1.16.0' ],
978 silly audit   'form-data': [ '4.0.5' ],
978 silly audit   'proxy-from-env': [ '2.1.0' ],
978 silly audit   'baseline-browser-mapping': [ '2.10.29' ],
978 silly audit   'caniuse-lite': [ '1.0.30001792' ],
978 silly audit   'electron-to-chromium': [ '1.5.353' ],
978 silly audit   'node-releases': [ '2.0.38' ],
978 silly audit   'update-browserslist-db': [ '1.2.3' ],
978 silly audit   ms: [ '2.1.3' ],
978 silly audit   asynckit: [ '0.4.0' ],
978 silly audit   'combined-stream': [ '1.0.8' ],
978 silly audit   'es-set-tostringtag': [ '2.1.0' ],
978 silly audit   hasown: [ '2.0.3' ],
978 silly audit   'mime-types': [ '2.1.35' ],
978 silly audit   'delayed-stream': [ '1.0.0' ],
978 silly audit   'es-errors': [ '1.3.0' ],
978 silly audit   'get-intrinsic': [ '1.3.0' ],
978 silly audit   'has-tostringtag': [ '1.0.2' ],
978 silly audit   'call-bind-apply-helpers': [ '1.0.2' ],
978 silly audit   'es-define-property': [ '1.0.1' ],
978 silly audit   'es-object-atoms': [ '1.1.1' ],
978 silly audit   'function-bind': [ '1.1.2' ],
978 silly audit   'get-proto': [ '1.0.1' ],
978 silly audit   gopd: [ '1.2.0' ],
978 silly audit   'has-symbols': [ '1.1.0' ],
978 silly audit   'math-intrinsics': [ '1.1.0' ],
978 silly audit   'dunder-proto': [ '1.0.1' ],
978 silly audit   'array-union': [ '2.1.0' ],
978 silly audit   'dir-glob': [ '3.0.1' ],
978 silly audit   'fast-glob': [ '3.3.3' ],
978 silly audit   merge2: [ '1.4.1' ],
978 silly audit   slash: [ '3.0.0' ],
978 silly audit   'path-type': [ '4.0.0' ],
978 silly audit   '@nodelib/fs.stat': [ '2.0.5' ],
978 silly audit   '@nodelib/fs.walk': [ '1.2.8' ],
978 silly audit   'glob-parent': [ '5.1.2' ],
978 silly audit   micromatch: [ '4.0.8' ],
978 silly audit   '@nodelib/fs.scandir': [ '2.1.5' ],
978 silly audit   fastq: [ '1.20.1' ],
978 silly audit   'run-parallel': [ '1.2.0' ],
978 silly audit   reusify: [ '1.1.0' ],
978 silly audit   'is-extglob': [ '2.1.1' ],
978 silly audit   yallist: [ '3.1.1' ],
978 silly audit   braces: [ '3.0.3' ],
978 silly audit   picomatch: [ '2.3.2' ],
978 silly audit   'fill-range': [ '7.1.1' ],
978 silly audit   'to-regex-range': [ '5.0.1' ],
978 silly audit   'mime-db': [ '1.52.0' ],
978 silly audit   'brace-expansion': [ '2.1.0' ],
978 silly audit   'balanced-match': [ '1.0.2' ],
978 silly audit   'loose-envify': [ '1.4.0' ],
978 silly audit   scheduler: [ '0.23.2' ],
978 silly audit   '@remix-run/router': [ '1.23.2' ],
978 silly audit   'react-router': [ '6.30.3' ],
978 silly audit   'queue-microtask': [ '1.2.3' ],
978 silly audit   'is-number': [ '7.0.0' ],
978 silly audit   escalade: [ '3.2.0' ],
978 silly audit   esbuild: [ '0.21.5' ],
978 silly audit   fsevents: [ '2.3.3' ],
978 silly audit   postcss: [ '8.5.14' ],
978 silly audit   rollup: [ '4.60.3' ],
978 silly audit   '@esbuild/aix-ppc64': [ '0.21.5' ],
978 silly audit   '@esbuild/android-arm': [ '0.21.5' ],
978 silly audit   '@esbuild/android-arm64': [ '0.21.5' ],
978 silly audit   '@esbuild/android-x64': [ '0.21.5' ],
978 silly audit   '@esbuild/darwin-arm64': [ '0.21.5' ],
978 silly audit   '@esbuild/darwin-x64': [ '0.21.5' ],
978 silly audit   '@esbuild/freebsd-arm64': [ '0.21.5' ],
978 silly audit   '@esbuild/freebsd-x64': [ '0.21.5' ],
978 silly audit   '@esbuild/linux-arm': [ '0.21.5' ],
978 silly audit   '@esbuild/linux-arm64': [ '0.21.5' ],
978 silly audit   '@esbuild/linux-ia32': [ '0.21.5' ],
978 silly audit   '@esbuild/linux-loong64': [ '0.21.5' ],
978 silly audit   '@esbuild/linux-mips64el': [ '0.21.5' ],
978 silly audit   '@esbuild/linux-ppc64': [ '0.21.5' ],
978 silly audit   '@esbuild/linux-riscv64': [ '0.21.5' ],
978 silly audit   '@esbuild/linux-s390x': [ '0.21.5' ],
978 silly audit   '@esbuild/linux-x64': [ '0.21.5' ],
978 silly audit   '@esbuild/netbsd-x64': [ '0.21.5' ],
978 silly audit   '@esbuild/openbsd-x64': [ '0.21.5' ],
978 silly audit   '@esbuild/sunos-x64': [ '0.21.5' ],
978 silly audit   '@esbuild/win32-arm64': [ '0.21.5' ],
978 silly audit   '@esbuild/win32-ia32': [ '0.21.5' ],
978 silly audit   '@esbuild/win32-x64': [ '0.21.5' ],
978 silly audit   nanoid: [ '3.3.12' ],
978 silly audit   'source-map-js': [ '1.2.1' ],
978 silly audit   '@rollup/rollup-android-arm-eabi': [ '4.60.3' ],
978 silly audit   '@rollup/rollup-android-arm64': [ '4.60.3' ],
978 silly audit   '@rollup/rollup-darwin-arm64': [ '4.60.3' ],
978 silly audit   '@rollup/rollup-darwin-x64': [ '4.60.3' ],
978 silly audit   '@rollup/rollup-freebsd-arm64': [ '4.60.3' ],
978 silly audit   '@rollup/rollup-freebsd-x64': [ '4.60.3' ],
978 silly audit   '@rollup/rollup-linux-arm-gnueabihf': [ '4.60.3' ],
978 silly audit   '@rollup/rollup-linux-arm-musleabihf': [ '4.60.3' ],
978 silly audit   '@rollup/rollup-linux-arm64-gnu': [ '4.60.3' ],
978 silly audit   '@rollup/rollup-linux-arm64-musl': [ '4.60.3' ],
978 silly audit   '@rollup/rollup-linux-loong64-gnu': [ '4.60.3' ],
978 silly audit   '@rollup/rollup-linux-loong64-musl': [ '4.60.3' ],
978 silly audit   '@rollup/rollup-linux-ppc64-gnu': [ '4.60.3' ],
978 silly audit   '@rollup/rollup-linux-ppc64-musl': [ '4.60.3' ],
978 silly audit   '@rollup/rollup-linux-riscv64-gnu': [ '4.60.3' ],
978 silly audit   '@rollup/rollup-linux-riscv64-musl': [ '4.60.3' ],
978 silly audit   '@rollup/rollup-linux-s390x-gnu': [ '4.60.3' ],
978 silly audit   '@rollup/rollup-linux-x64-gnu': [ '4.60.3' ],
978 silly audit   '@rollup/rollup-linux-x64-musl': [ '4.60.3' ],
978 silly audit   '@rollup/rollup-openbsd-x64': [ '4.60.3' ],
978 silly audit   '@rollup/rollup-openharmony-arm64': [ '4.60.3' ],
978 silly audit   '@rollup/rollup-win32-arm64-msvc': [ '4.60.3' ],
978 silly audit   '@rollup/rollup-win32-ia32-msvc': [ '4.60.3' ],
978 silly audit   '@rollup/rollup-win32-x64-gnu': [ '4.60.3' ],
978 silly audit   '@rollup/rollup-win32-x64-msvc': [ '4.60.3' ],
978 silly audit   '@types/estree': [ '1.0.8' ]
978 silly audit }
979 http cache @types/estree@https://registry.npmjs.org/@types/estree/-/estree-1.0.8.tgz 0ms (cache hit)
980 http cache source-map-js@https://registry.npmjs.org/source-map-js/-/source-map-js-1.2.1.tgz 0ms (cache hit)
981 http cache @rollup/rollup-darwin-arm64@https://registry.npmjs.org/@rollup/rollup-darwin-arm64/-/rollup-darwin-arm64-4.60.3.tgz 0ms (cache hit)
982 http cache @esbuild/darwin-arm64@https://registry.npmjs.org/@esbuild/darwin-arm64/-/darwin-arm64-0.21.5.tgz 0ms (cache hit)
983 http cache rollup@https://registry.npmjs.org/rollup/-/rollup-4.60.3.tgz 0ms (cache hit)
984 http cache nanoid@https://registry.npmjs.org/nanoid/-/nanoid-3.3.12.tgz 0ms (cache hit)
985 http cache postcss@https://registry.npmjs.org/postcss/-/postcss-8.5.14.tgz 0ms (cache hit)
986 http cache esbuild@https://registry.npmjs.org/esbuild/-/esbuild-0.21.5.tgz 0ms (cache hit)
987 http cache escalade@https://registry.npmjs.org/escalade/-/escalade-3.2.0.tgz 0ms (cache hit)
988 http cache fsevents@https://registry.npmjs.org/fsevents/-/fsevents-2.3.3.tgz 0ms (cache hit)
989 http cache is-number@https://registry.npmjs.org/is-number/-/is-number-7.0.0.tgz 0ms (cache hit)
990 http cache queue-microtask@https://registry.npmjs.org/queue-microtask/-/queue-microtask-1.2.3.tgz 0ms (cache hit)
991 http cache react-router@https://registry.npmjs.org/react-router/-/react-router-6.30.3.tgz 0ms (cache hit)
992 http cache @remix-run/router@https://registry.npmjs.org/@remix-run/router/-/router-1.23.2.tgz 0ms (cache hit)
993 http cache scheduler@https://registry.npmjs.org/scheduler/-/scheduler-0.23.2.tgz 0ms (cache hit)
994 http cache loose-envify@https://registry.npmjs.org/loose-envify/-/loose-envify-1.4.0.tgz 0ms (cache hit)
995 http cache balanced-match@https://registry.npmjs.org/balanced-match/-/balanced-match-1.0.2.tgz 0ms (cache hit)
996 http cache brace-expansion@https://registry.npmjs.org/brace-expansion/-/brace-expansion-2.1.0.tgz 0ms (cache hit)
997 http cache mime-db@https://registry.npmjs.org/mime-db/-/mime-db-1.52.0.tgz 0ms (cache hit)
998 http cache to-regex-range@https://registry.npmjs.org/to-regex-range/-/to-regex-range-5.0.1.tgz 0ms (cache hit)
999 http cache fill-range@https://registry.npmjs.org/fill-range/-/fill-range-7.1.1.tgz 0ms (cache hit)
1000 http cache picomatch@https://registry.npmjs.org/picomatch/-/picomatch-2.3.2.tgz 0ms (cache hit)
1001 http cache braces@https://registry.npmjs.org/braces/-/braces-3.0.3.tgz 0ms (cache hit)
1002 http cache is-extglob@https://registry.npmjs.org/is-extglob/-/is-extglob-2.1.1.tgz 0ms (cache hit)
1003 http cache reusify@https://registry.npmjs.org/reusify/-/reusify-1.1.0.tgz 0ms (cache hit)
1004 http cache yallist@https://registry.npmjs.org/yallist/-/yallist-3.1.1.tgz 0ms (cache hit)
1005 http cache run-parallel@https://registry.npmjs.org/run-parallel/-/run-parallel-1.2.0.tgz 0ms (cache hit)
1006 http cache fastq@https://registry.npmjs.org/fastq/-/fastq-1.20.1.tgz 0ms (cache hit)
1007 http cache @nodelib/fs.scandir@https://registry.npmjs.org/@nodelib/fs.scandir/-/fs.scandir-2.1.5.tgz 0ms (cache hit)
1008 http cache micromatch@https://registry.npmjs.org/micromatch/-/micromatch-4.0.8.tgz 0ms (cache hit)
1009 http cache glob-parent@https://registry.npmjs.org/glob-parent/-/glob-parent-5.1.2.tgz 0ms (cache hit)
1010 http cache @nodelib/fs.walk@https://registry.npmjs.org/@nodelib/fs.walk/-/fs.walk-1.2.8.tgz 0ms (cache hit)
1011 http cache @nodelib/fs.stat@https://registry.npmjs.org/@nodelib/fs.stat/-/fs.stat-2.0.5.tgz 0ms (cache hit)
1012 http cache path-type@https://registry.npmjs.org/path-type/-/path-type-4.0.0.tgz 0ms (cache hit)
1013 http cache slash@https://registry.npmjs.org/slash/-/slash-3.0.0.tgz 0ms (cache hit)
1014 http cache merge2@https://registry.npmjs.org/merge2/-/merge2-1.4.1.tgz 0ms (cache hit)
1015 http cache fast-glob@https://registry.npmjs.org/fast-glob/-/fast-glob-3.3.3.tgz 0ms (cache hit)
1016 http cache dir-glob@https://registry.npmjs.org/dir-glob/-/dir-glob-3.0.1.tgz 0ms (cache hit)
1017 http cache array-union@https://registry.npmjs.org/array-union/-/array-union-2.1.0.tgz 0ms (cache hit)
1018 http cache dunder-proto@https://registry.npmjs.org/dunder-proto/-/dunder-proto-1.0.1.tgz 0ms (cache hit)
1019 http cache math-intrinsics@https://registry.npmjs.org/math-intrinsics/-/math-intrinsics-1.1.0.tgz 0ms (cache hit)
1020 http cache has-symbols@https://registry.npmjs.org/has-symbols/-/has-symbols-1.1.0.tgz 0ms (cache hit)
1021 http cache gopd@https://registry.npmjs.org/gopd/-/gopd-1.2.0.tgz 0ms (cache hit)
1022 http cache get-proto@https://registry.npmjs.org/get-proto/-/get-proto-1.0.1.tgz 0ms (cache hit)
1023 http cache function-bind@https://registry.npmjs.org/function-bind/-/function-bind-1.1.2.tgz 0ms (cache hit)
1024 http cache es-object-atoms@https://registry.npmjs.org/es-object-atoms/-/es-object-atoms-1.1.1.tgz 0ms (cache hit)
1025 http cache es-define-property@https://registry.npmjs.org/es-define-property/-/es-define-property-1.0.1.tgz 0ms (cache hit)
1026 http cache call-bind-apply-helpers@https://registry.npmjs.org/call-bind-apply-helpers/-/call-bind-apply-helpers-1.0.2.tgz 0ms (cache hit)
1027 http cache has-tostringtag@https://registry.npmjs.org/has-tostringtag/-/has-tostringtag-1.0.2.tgz 0ms (cache hit)
1028 http cache es-errors@https://registry.npmjs.org/es-errors/-/es-errors-1.3.0.tgz 0ms (cache hit)
1029 http cache mime-types@https://registry.npmjs.org/mime-types/-/mime-types-2.1.35.tgz 0ms (cache hit)
1030 http cache hasown@https://registry.npmjs.org/hasown/-/hasown-2.0.3.tgz 0ms (cache hit)
1031 http cache delayed-stream@https://registry.npmjs.org/delayed-stream/-/delayed-stream-1.0.0.tgz 0ms (cache hit)
1032 http cache es-set-tostringtag@https://registry.npmjs.org/es-set-tostringtag/-/es-set-tostringtag-2.1.0.tgz 0ms (cache hit)
1033 http cache combined-stream@https://registry.npmjs.org/combined-stream/-/combined-stream-1.0.8.tgz 0ms (cache hit)
1034 http cache asynckit@https://registry.npmjs.org/asynckit/-/asynckit-0.4.0.tgz 0ms (cache hit)
1035 http cache ms@https://registry.npmjs.org/ms/-/ms-2.1.3.tgz 0ms (cache hit)
1036 http cache update-browserslist-db@https://registry.npmjs.org/update-browserslist-db/-/update-browserslist-db-1.2.3.tgz 0ms (cache hit)
1037 http cache node-releases@https://registry.npmjs.org/node-releases/-/node-releases-2.0.38.tgz 0ms (cache hit)
1038 http cache get-intrinsic@https://registry.npmjs.org/get-intrinsic/-/get-intrinsic-1.3.0.tgz 0ms (cache hit)
1039 http cache electron-to-chromium@https://registry.npmjs.org/electron-to-chromium/-/electron-to-chromium-1.5.353.tgz 0ms (cache hit)
1040 http cache caniuse-lite@https://registry.npmjs.org/caniuse-lite/-/caniuse-lite-1.0.30001792.tgz 0ms (cache hit)
1041 http cache baseline-browser-mapping@https://registry.npmjs.org/baseline-browser-mapping/-/baseline-browser-mapping-2.10.29.tgz 0ms (cache hit)
1042 http cache form-data@https://registry.npmjs.org/form-data/-/form-data-4.0.5.tgz 0ms (cache hit)
1043 http cache follow-redirects@https://registry.npmjs.org/follow-redirects/-/follow-redirects-1.16.0.tgz 0ms (cache hit)
1044 http cache @types/babel__traverse@https://registry.npmjs.org/@types/babel__traverse/-/babel__traverse-7.28.0.tgz 0ms (cache hit)
1045 http cache @types/babel__template@https://registry.npmjs.org/@types/babel__template/-/babel__template-7.4.4.tgz 0ms (cache hit)
1046 http cache @types/babel__generator@https://registry.npmjs.org/@types/babel__generator/-/babel__generator-7.27.0.tgz 0ms (cache hit)
1047 http cache proxy-from-env@https://registry.npmjs.org/proxy-from-env/-/proxy-from-env-2.1.0.tgz 0ms (cache hit)
1048 http cache @jridgewell/resolve-uri@https://registry.npmjs.org/@jridgewell/resolve-uri/-/resolve-uri-3.1.2.tgz 0ms (cache hit)
1049 http cache @babel/helper-globals@https://registry.npmjs.org/@babel/helper-globals/-/helper-globals-7.28.0.tgz 0ms (cache hit)
1050 http cache @babel/helper-string-parser@https://registry.npmjs.org/@babel/helper-string-parser/-/helper-string-parser-7.27.1.tgz 0ms (cache hit)
1051 http cache @babel/helper-module-imports@https://registry.npmjs.org/@babel/helper-module-imports/-/helper-module-imports-7.28.6.tgz 0ms (cache hit)
1052 http cache @babel/helper-plugin-utils@https://registry.npmjs.org/@babel/helper-plugin-utils/-/helper-plugin-utils-7.28.6.tgz 0ms (cache hit)
1053 http cache browserslist@https://registry.npmjs.org/browserslist/-/browserslist-4.28.2.tgz 0ms (cache hit)
1054 http cache lru-cache@https://registry.npmjs.org/lru-cache/-/lru-cache-5.1.1.tgz 0ms (cache hit)
1055 http cache @jridgewell/sourcemap-codec@https://registry.npmjs.org/@jridgewell/sourcemap-codec/-/sourcemap-codec-1.5.5.tgz 0ms (cache hit)
1056 http cache @babel/helper-validator-option@https://registry.npmjs.org/@babel/helper-validator-option/-/helper-validator-option-7.27.1.tgz 0ms (cache hit)
1057 http cache @jridgewell/gen-mapping@https://registry.npmjs.org/@jridgewell/gen-mapping/-/gen-mapping-0.3.13.tgz 0ms (cache hit)
1058 http cache jsesc@https://registry.npmjs.org/jsesc/-/jsesc-3.1.0.tgz 0ms (cache hit)
1059 http cache @jridgewell/trace-mapping@https://registry.npmjs.org/@jridgewell/trace-mapping/-/trace-mapping-0.3.31.tgz 0ms (cache hit)
1060 http cache picocolors@https://registry.npmjs.org/picocolors/-/picocolors-1.1.1.tgz 0ms (cache hit)
1061 http cache js-tokens@https://registry.npmjs.org/js-tokens/-/js-tokens-4.0.0.tgz 0ms (cache hit)
1062 http cache @babel/helper-validator-identifier@https://registry.npmjs.org/@babel/helper-validator-identifier/-/helper-validator-identifier-7.28.5.tgz 0ms (cache hit)
1063 http cache json5@https://registry.npmjs.org/json5/-/json5-2.2.3.tgz 0ms (cache hit)
1064 http cache gensync@https://registry.npmjs.org/gensync/-/gensync-1.0.0-beta.2.tgz 0ms (cache hit)
1065 http cache convert-source-map@https://registry.npmjs.org/convert-source-map/-/convert-source-map-2.0.0.tgz 0ms (cache hit)
1066 http cache @jridgewell/remapping@https://registry.npmjs.org/@jridgewell/remapping/-/remapping-2.3.5.tgz 0ms (cache hit)
1067 http cache @babel/types@https://registry.npmjs.org/@babel/types/-/types-7.29.0.tgz 0ms (cache hit)
1068 http cache @babel/traverse@https://registry.npmjs.org/@babel/traverse/-/traverse-7.29.0.tgz 0ms (cache hit)
1069 http cache @babel/template@https://registry.npmjs.org/@babel/template/-/template-7.28.6.tgz 0ms (cache hit)
1070 http cache @babel/parser@https://registry.npmjs.org/@babel/parser/-/parser-7.29.3.tgz 0ms (cache hit)
1071 http cache @babel/helpers@https://registry.npmjs.org/@babel/helpers/-/helpers-7.29.2.tgz 0ms (cache hit)
1072 http cache @babel/helper-module-transforms@https://registry.npmjs.org/@babel/helper-module-transforms/-/helper-module-transforms-7.28.6.tgz 0ms (cache hit)
1073 http cache @babel/helper-compilation-targets@https://registry.npmjs.org/@babel/helper-compilation-targets/-/helper-compilation-targets-7.28.6.tgz 0ms (cache hit)
1074 http cache @babel/generator@https://registry.npmjs.org/@babel/generator/-/generator-7.29.1.tgz 0ms (cache hit)
1075 http cache @babel/code-frame@https://registry.npmjs.org/@babel/code-frame/-/code-frame-7.29.0.tgz 0ms (cache hit)
1076 http cache react-refresh@https://registry.npmjs.org/react-refresh/-/react-refresh-0.17.0.tgz 0ms (cache hit)
1077 http cache @types/babel__core@https://registry.npmjs.org/@types/babel__core/-/babel__core-7.20.5.tgz 0ms (cache hit)
1078 http cache @rolldown/pluginutils@https://registry.npmjs.org/@rolldown/pluginutils/-/pluginutils-1.0.0-beta.27.tgz 0ms (cache hit)
1079 http cache @babel/plugin-transform-react-jsx-source@https://registry.npmjs.org/@babel/plugin-transform-react-jsx-source/-/plugin-transform-react-jsx-source-7.27.1.tgz 0ms (cache hit)
1080 http cache @babel/compat-data@https://registry.npmjs.org/@babel/compat-data/-/compat-data-7.29.3.tgz 0ms (cache hit)
1081 http cache @babel/plugin-transform-react-jsx-self@https://registry.npmjs.org/@babel/plugin-transform-react-jsx-self/-/plugin-transform-react-jsx-self-7.27.1.tgz 0ms (cache hit)
1082 http cache @babel/core@https://registry.npmjs.org/@babel/core/-/core-7.29.0.tgz 0ms (cache hit)
1083 http cache eslint-visitor-keys@https://registry.npmjs.org/eslint-visitor-keys/-/eslint-visitor-keys-3.4.3.tgz 0ms (cache hit)
1084 http cache semver@https://registry.npmjs.org/semver/-/semver-7.8.0.tgz 0ms (cache hit)
1085 http cache minimatch@https://registry.npmjs.org/minimatch/-/minimatch-9.0.9.tgz 0ms (cache hit)
1086 http cache is-glob@https://registry.npmjs.org/is-glob/-/is-glob-4.0.3.tgz 0ms (cache hit)
1087 http cache debug@https://registry.npmjs.org/debug/-/debug-4.4.3.tgz 0ms (cache hit)
1088 http cache @typescript-eslint/typescript-estree@https://registry.npmjs.org/@typescript-eslint/typescript-estree/-/typescript-estree-7.18.0.tgz 0ms (cache hit)
1089 http cache @typescript-eslint/types@https://registry.npmjs.org/@typescript-eslint/types/-/types-7.18.0.tgz 0ms (cache hit)
1090 http cache globby@https://registry.npmjs.org/globby/-/globby-11.1.0.tgz 0ms (cache hit)
1091 http cache ts-api-utils@https://registry.npmjs.org/ts-api-utils/-/ts-api-utils-1.4.3.tgz 0ms (cache hit)
1092 http cache natural-compare@https://registry.npmjs.org/natural-compare/-/natural-compare-1.4.0.tgz 0ms (cache hit)
1093 http cache ignore@https://registry.npmjs.org/ignore/-/ignore-5.3.2.tgz 0ms (cache hit)
1094 http cache graphemer@https://registry.npmjs.org/graphemer/-/graphemer-1.4.0.tgz 0ms (cache hit)
1095 http cache @typescript-eslint/visitor-keys@https://registry.npmjs.org/@typescript-eslint/visitor-keys/-/visitor-keys-7.18.0.tgz 0ms (cache hit)
1096 http cache @typescript-eslint/utils@https://registry.npmjs.org/@typescript-eslint/utils/-/utils-7.18.0.tgz 0ms (cache hit)
1097 http cache @typescript-eslint/type-utils@https://registry.npmjs.org/@typescript-eslint/type-utils/-/type-utils-7.18.0.tgz 0ms (cache hit)
1098 http cache @typescript-eslint/scope-manager@https://registry.npmjs.org/@typescript-eslint/scope-manager/-/scope-manager-7.18.0.tgz 0ms (cache hit)
1099 http cache @eslint-community/regexpp@https://registry.npmjs.org/@eslint-community/regexpp/-/regexpp-4.12.2.tgz 0ms (cache hit)
1100 http cache csstype@https://registry.npmjs.org/csstype/-/csstype-3.2.3.tgz 0ms (cache hit)
1101 http cache @types/prop-types@https://registry.npmjs.org/@types/prop-types/-/prop-types-15.7.15.tgz 0ms (cache hit)
1102 http cache vite@https://registry.npmjs.org/vite/-/vite-5.4.21.tgz 0ms (cache hit)
1103 http cache typescript@https://registry.npmjs.org/typescript/-/typescript-5.9.3.tgz 0ms (cache hit)
1104 http cache react-router-dom@https://registry.npmjs.org/react-router-dom/-/react-router-dom-6.30.3.tgz 0ms (cache hit)
1105 http cache react-dom@https://registry.npmjs.org/react-dom/-/react-dom-18.3.1.tgz 0ms (cache hit)
1106 http cache react@https://registry.npmjs.org/react/-/react-18.3.1.tgz 0ms (cache hit)
1107 http cache lucide-react@https://registry.npmjs.org/lucide-react/-/lucide-react-0.363.0.tgz 0ms (cache hit)
1108 http cache axios@https://registry.npmjs.org/axios/-/axios-1.16.0.tgz 0ms (cache hit)
1109 http cache @typescript-eslint/parser@https://registry.npmjs.org/@typescript-eslint/parser/-/parser-7.18.0.tgz 0ms (cache hit)
1110 http cache @typescript-eslint/eslint-plugin@https://registry.npmjs.org/@typescript-eslint/eslint-plugin/-/eslint-plugin-7.18.0.tgz 0ms (cache hit)
1111 http cache @types/react-dom@https://registry.npmjs.org/@types/react-dom/-/react-dom-18.3.7.tgz 0ms (cache hit)
1112 http cache @types/react@https://registry.npmjs.org/@types/react/-/react-18.3.28.tgz 0ms (cache hit)
1113 http cache semver@https://registry.npmjs.org/semver/-/semver-6.3.1.tgz 0ms (cache hit)
1114 http cache semver@https://registry.npmjs.org/semver/-/semver-6.3.1.tgz 0ms (cache hit)
1115 http cache @vitejs/plugin-react@https://registry.npmjs.org/@vitejs/plugin-react/-/plugin-react-4.7.0.tgz 0ms (cache hit)
1116 http cache @eslint-community/eslint-utils@https://registry.npmjs.org/@eslint-community/eslint-utils/-/eslint-utils-4.9.1.tgz 0ms (cache hit)
1117 silly tarball no local data for @types/estree@https://registry.npmjs.org/@types/estree/-/estree-1.0.8.tgz. Extracting by manifest.
1118 silly tarball no local data for source-map-js@https://registry.npmjs.org/source-map-js/-/source-map-js-1.2.1.tgz. Extracting by manifest.
1119 silly tarball no local data for @rollup/rollup-darwin-arm64@https://registry.npmjs.org/@rollup/rollup-darwin-arm64/-/rollup-darwin-arm64-4.60.3.tgz. Extracting by manifest.
1120 silly tarball no local data for @esbuild/darwin-arm64@https://registry.npmjs.org/@esbuild/darwin-arm64/-/darwin-arm64-0.21.5.tgz. Extracting by manifest.
1121 silly tarball no local data for rollup@https://registry.npmjs.org/rollup/-/rollup-4.60.3.tgz. Extracting by manifest.
1122 silly tarball no local data for nanoid@https://registry.npmjs.org/nanoid/-/nanoid-3.3.12.tgz. Extracting by manifest.
1123 silly tarball no local data for postcss@https://registry.npmjs.org/postcss/-/postcss-8.5.14.tgz. Extracting by manifest.
1124 silly tarball no local data for esbuild@https://registry.npmjs.org/esbuild/-/esbuild-0.21.5.tgz. Extracting by manifest.
1125 silly tarball no local data for escalade@https://registry.npmjs.org/escalade/-/escalade-3.2.0.tgz. Extracting by manifest.
1126 silly tarball no local data for fsevents@https://registry.npmjs.org/fsevents/-/fsevents-2.3.3.tgz. Extracting by manifest.
1127 silly tarball no local data for is-number@https://registry.npmjs.org/is-number/-/is-number-7.0.0.tgz. Extracting by manifest.
1128 silly tarball no local data for queue-microtask@https://registry.npmjs.org/queue-microtask/-/queue-microtask-1.2.3.tgz. Extracting by manifest.
1129 silly tarball no local data for react-router@https://registry.npmjs.org/react-router/-/react-router-6.30.3.tgz. Extracting by manifest.
1130 silly tarball no local data for @remix-run/router@https://registry.npmjs.org/@remix-run/router/-/router-1.23.2.tgz. Extracting by manifest.
1131 silly tarball no local data for scheduler@https://registry.npmjs.org/scheduler/-/scheduler-0.23.2.tgz. Extracting by manifest.
1132 silly tarball no local data for loose-envify@https://registry.npmjs.org/loose-envify/-/loose-envify-1.4.0.tgz. Extracting by manifest.
1133 silly tarball no local data for balanced-match@https://registry.npmjs.org/balanced-match/-/balanced-match-1.0.2.tgz. Extracting by manifest.
1134 silly tarball no local data for brace-expansion@https://registry.npmjs.org/brace-expansion/-/brace-expansion-2.1.0.tgz. Extracting by manifest.
1135 silly tarball no local data for mime-db@https://registry.npmjs.org/mime-db/-/mime-db-1.52.0.tgz. Extracting by manifest.
1136 silly tarball no local data for to-regex-range@https://registry.npmjs.org/to-regex-range/-/to-regex-range-5.0.1.tgz. Extracting by manifest.
1137 silly tarball no local data for fill-range@https://registry.npmjs.org/fill-range/-/fill-range-7.1.1.tgz. Extracting by manifest.
1138 silly tarball no local data for picomatch@https://registry.npmjs.org/picomatch/-/picomatch-2.3.2.tgz. Extracting by manifest.
1139 silly tarball no local data for braces@https://registry.npmjs.org/braces/-/braces-3.0.3.tgz. Extracting by manifest.
1140 silly tarball no local data for is-extglob@https://registry.npmjs.org/is-extglob/-/is-extglob-2.1.1.tgz. Extracting by manifest.
1141 silly tarball no local data for reusify@https://registry.npmjs.org/reusify/-/reusify-1.1.0.tgz. Extracting by manifest.
1142 silly tarball no local data for yallist@https://registry.npmjs.org/yallist/-/yallist-3.1.1.tgz. Extracting by manifest.
1143 silly tarball no local data for run-parallel@https://registry.npmjs.org/run-parallel/-/run-parallel-1.2.0.tgz. Extracting by manifest.
1144 silly tarball no local data for fastq@https://registry.npmjs.org/fastq/-/fastq-1.20.1.tgz. Extracting by manifest.
1145 silly tarball no local data for @nodelib/fs.scandir@https://registry.npmjs.org/@nodelib/fs.scandir/-/fs.scandir-2.1.5.tgz. Extracting by manifest.
1146 silly tarball no local data for micromatch@https://registry.npmjs.org/micromatch/-/micromatch-4.0.8.tgz. Extracting by manifest.
1147 silly tarball no local data for glob-parent@https://registry.npmjs.org/glob-parent/-/glob-parent-5.1.2.tgz. Extracting by manifest.
1148 silly tarball no local data for @nodelib/fs.walk@https://registry.npmjs.org/@nodelib/fs.walk/-/fs.walk-1.2.8.tgz. Extracting by manifest.
1149 silly tarball no local data for @nodelib/fs.stat@https://registry.npmjs.org/@nodelib/fs.stat/-/fs.stat-2.0.5.tgz. Extracting by manifest.
1150 silly tarball no local data for path-type@https://registry.npmjs.org/path-type/-/path-type-4.0.0.tgz. Extracting by manifest.
1151 silly tarball no local data for slash@https://registry.npmjs.org/slash/-/slash-3.0.0.tgz. Extracting by manifest.
1152 silly tarball no local data for merge2@https://registry.npmjs.org/merge2/-/merge2-1.4.1.tgz. Extracting by manifest.
1153 silly tarball no local data for fast-glob@https://registry.npmjs.org/fast-glob/-/fast-glob-3.3.3.tgz. Extracting by manifest.
1154 silly tarball no local data for dir-glob@https://registry.npmjs.org/dir-glob/-/dir-glob-3.0.1.tgz. Extracting by manifest.
1155 silly tarball no local data for array-union@https://registry.npmjs.org/array-union/-/array-union-2.1.0.tgz. Extracting by manifest.
1156 silly tarball no local data for dunder-proto@https://registry.npmjs.org/dunder-proto/-/dunder-proto-1.0.1.tgz. Extracting by manifest.
1157 silly tarball no local data for math-intrinsics@https://registry.npmjs.org/math-intrinsics/-/math-intrinsics-1.1.0.tgz. Extracting by manifest.
1158 silly tarball no local data for has-symbols@https://registry.npmjs.org/has-symbols/-/has-symbols-1.1.0.tgz. Extracting by manifest.
1159 silly tarball no local data for gopd@https://registry.npmjs.org/gopd/-/gopd-1.2.0.tgz. Extracting by manifest.
1160 silly tarball no local data for get-proto@https://registry.npmjs.org/get-proto/-/get-proto-1.0.1.tgz. Extracting by manifest.
1161 silly tarball no local data for function-bind@https://registry.npmjs.org/function-bind/-/function-bind-1.1.2.tgz. Extracting by manifest.
1162 silly tarball no local data for es-object-atoms@https://registry.npmjs.org/es-object-atoms/-/es-object-atoms-1.1.1.tgz. Extracting by manifest.
1163 silly tarball no local data for es-define-property@https://registry.npmjs.org/es-define-property/-/es-define-property-1.0.1.tgz. Extracting by manifest.
1164 silly tarball no local data for call-bind-apply-helpers@https://registry.npmjs.org/call-bind-apply-helpers/-/call-bind-apply-helpers-1.0.2.tgz. Extracting by manifest.
1165 silly tarball no local data for has-tostringtag@https://registry.npmjs.org/has-tostringtag/-/has-tostringtag-1.0.2.tgz. Extracting by manifest.
1166 silly tarball no local data for es-errors@https://registry.npmjs.org/es-errors/-/es-errors-1.3.0.tgz. Extracting by manifest.
1167 silly tarball no local data for mime-types@https://registry.npmjs.org/mime-types/-/mime-types-2.1.35.tgz. Extracting by manifest.
1168 silly tarball no local data for hasown@https://registry.npmjs.org/hasown/-/hasown-2.0.3.tgz. Extracting by manifest.
1169 silly tarball no local data for delayed-stream@https://registry.npmjs.org/delayed-stream/-/delayed-stream-1.0.0.tgz. Extracting by manifest.
1170 silly tarball no local data for es-set-tostringtag@https://registry.npmjs.org/es-set-tostringtag/-/es-set-tostringtag-2.1.0.tgz. Extracting by manifest.
1171 silly tarball no local data for combined-stream@https://registry.npmjs.org/combined-stream/-/combined-stream-1.0.8.tgz. Extracting by manifest.
1172 silly tarball no local data for asynckit@https://registry.npmjs.org/asynckit/-/asynckit-0.4.0.tgz. Extracting by manifest.
1173 silly tarball no local data for ms@https://registry.npmjs.org/ms/-/ms-2.1.3.tgz. Extracting by manifest.
1174 silly tarball no local data for update-browserslist-db@https://registry.npmjs.org/update-browserslist-db/-/update-browserslist-db-1.2.3.tgz. Extracting by manifest.
1175 silly tarball no local data for node-releases@https://registry.npmjs.org/node-releases/-/node-releases-2.0.38.tgz. Extracting by manifest.
1176 silly tarball no local data for get-intrinsic@https://registry.npmjs.org/get-intrinsic/-/get-intrinsic-1.3.0.tgz. Extracting by manifest.
1177 silly tarball no local data for electron-to-chromium@https://registry.npmjs.org/electron-to-chromium/-/electron-to-chromium-1.5.353.tgz. Extracting by manifest.
1178 silly tarball no local data for caniuse-lite@https://registry.npmjs.org/caniuse-lite/-/caniuse-lite-1.0.30001792.tgz. Extracting by manifest.
1179 silly tarball no local data for baseline-browser-mapping@https://registry.npmjs.org/baseline-browser-mapping/-/baseline-browser-mapping-2.10.29.tgz. Extracting by manifest.
1180 silly tarball no local data for form-data@https://registry.npmjs.org/form-data/-/form-data-4.0.5.tgz. Extracting by manifest.
1181 silly tarball no local data for follow-redirects@https://registry.npmjs.org/follow-redirects/-/follow-redirects-1.16.0.tgz. Extracting by manifest.
1182 silly tarball no local data for @types/babel__traverse@https://registry.npmjs.org/@types/babel__traverse/-/babel__traverse-7.28.0.tgz. Extracting by manifest.
1183 silly tarball no local data for @types/babel__template@https://registry.npmjs.org/@types/babel__template/-/babel__template-7.4.4.tgz. Extracting by manifest.
1184 silly tarball no local data for @types/babel__generator@https://registry.npmjs.org/@types/babel__generator/-/babel__generator-7.27.0.tgz. Extracting by manifest.
1185 silly tarball no local data for proxy-from-env@https://registry.npmjs.org/proxy-from-env/-/proxy-from-env-2.1.0.tgz. Extracting by manifest.
1186 silly tarball no local data for @jridgewell/resolve-uri@https://registry.npmjs.org/@jridgewell/resolve-uri/-/resolve-uri-3.1.2.tgz. Extracting by manifest.
1187 silly tarball no local data for @babel/helper-globals@https://registry.npmjs.org/@babel/helper-globals/-/helper-globals-7.28.0.tgz. Extracting by manifest.
1188 silly tarball no local data for @babel/helper-string-parser@https://registry.npmjs.org/@babel/helper-string-parser/-/helper-string-parser-7.27.1.tgz. Extracting by manifest.
1189 silly tarball no local data for @babel/helper-module-imports@https://registry.npmjs.org/@babel/helper-module-imports/-/helper-module-imports-7.28.6.tgz. Extracting by manifest.
1190 silly tarball no local data for @babel/helper-plugin-utils@https://registry.npmjs.org/@babel/helper-plugin-utils/-/helper-plugin-utils-7.28.6.tgz. Extracting by manifest.
1191 silly tarball no local data for browserslist@https://registry.npmjs.org/browserslist/-/browserslist-4.28.2.tgz. Extracting by manifest.
1192 silly tarball no local data for lru-cache@https://registry.npmjs.org/lru-cache/-/lru-cache-5.1.1.tgz. Extracting by manifest.
1193 silly tarball no local data for @jridgewell/sourcemap-codec@https://registry.npmjs.org/@jridgewell/sourcemap-codec/-/sourcemap-codec-1.5.5.tgz. Extracting by manifest.
1194 silly tarball no local data for @babel/helper-validator-option@https://registry.npmjs.org/@babel/helper-validator-option/-/helper-validator-option-7.27.1.tgz. Extracting by manifest.
1195 silly tarball no local data for @jridgewell/gen-mapping@https://registry.npmjs.org/@jridgewell/gen-mapping/-/gen-mapping-0.3.13.tgz. Extracting by manifest.
1196 silly tarball no local data for jsesc@https://registry.npmjs.org/jsesc/-/jsesc-3.1.0.tgz. Extracting by manifest.
1197 silly tarball no local data for @jridgewell/trace-mapping@https://registry.npmjs.org/@jridgewell/trace-mapping/-/trace-mapping-0.3.31.tgz. Extracting by manifest.
1198 silly tarball no local data for picocolors@https://registry.npmjs.org/picocolors/-/picocolors-1.1.1.tgz. Extracting by manifest.
1199 silly tarball no local data for js-tokens@https://registry.npmjs.org/js-tokens/-/js-tokens-4.0.0.tgz. Extracting by manifest.
1200 silly tarball no local data for @babel/helper-validator-identifier@https://registry.npmjs.org/@babel/helper-validator-identifier/-/helper-validator-identifier-7.28.5.tgz. Extracting by manifest.
1201 silly tarball no local data for json5@https://registry.npmjs.org/json5/-/json5-2.2.3.tgz. Extracting by manifest.
1202 silly tarball no local data for gensync@https://registry.npmjs.org/gensync/-/gensync-1.0.0-beta.2.tgz. Extracting by manifest.
1203 silly tarball no local data for convert-source-map@https://registry.npmjs.org/convert-source-map/-/convert-source-map-2.0.0.tgz. Extracting by manifest.
1204 silly tarball no local data for @jridgewell/remapping@https://registry.npmjs.org/@jridgewell/remapping/-/remapping-2.3.5.tgz. Extracting by manifest.
1205 silly tarball no local data for @babel/types@https://registry.npmjs.org/@babel/types/-/types-7.29.0.tgz. Extracting by manifest.
1206 silly tarball no local data for @babel/traverse@https://registry.npmjs.org/@babel/traverse/-/traverse-7.29.0.tgz. Extracting by manifest.
1207 silly tarball no local data for @babel/template@https://registry.npmjs.org/@babel/template/-/template-7.28.6.tgz. Extracting by manifest.
1208 silly tarball no local data for @babel/parser@https://registry.npmjs.org/@babel/parser/-/parser-7.29.3.tgz. Extracting by manifest.
1209 silly tarball no local data for @babel/helpers@https://registry.npmjs.org/@babel/helpers/-/helpers-7.29.2.tgz. Extracting by manifest.
1210 silly tarball no local data for @babel/helper-module-transforms@https://registry.npmjs.org/@babel/helper-module-transforms/-/helper-module-transforms-7.28.6.tgz. Extracting by manifest.
1211 silly tarball no local data for @babel/helper-compilation-targets@https://registry.npmjs.org/@babel/helper-compilation-targets/-/helper-compilation-targets-7.28.6.tgz. Extracting by manifest.
1212 silly tarball no local data for @babel/generator@https://registry.npmjs.org/@babel/generator/-/generator-7.29.1.tgz. Extracting by manifest.
1213 silly tarball no local data for @babel/code-frame@https://registry.npmjs.org/@babel/code-frame/-/code-frame-7.29.0.tgz. Extracting by manifest.
1214 silly tarball no local data for react-refresh@https://registry.npmjs.org/react-refresh/-/react-refresh-0.17.0.tgz. Extracting by manifest.
1215 silly tarball no local data for @types/babel__core@https://registry.npmjs.org/@types/babel__core/-/babel__core-7.20.5.tgz. Extracting by manifest.
1216 silly tarball no local data for @rolldown/pluginutils@https://registry.npmjs.org/@rolldown/pluginutils/-/pluginutils-1.0.0-beta.27.tgz. Extracting by manifest.
1217 silly tarball no local data for @babel/plugin-transform-react-jsx-source@https://registry.npmjs.org/@babel/plugin-transform-react-jsx-source/-/plugin-transform-react-jsx-source-7.27.1.tgz. Extracting by manifest.
1218 silly tarball no local data for @babel/compat-data@https://registry.npmjs.org/@babel/compat-data/-/compat-data-7.29.3.tgz. Extracting by manifest.
1219 silly tarball no local data for @babel/plugin-transform-react-jsx-self@https://registry.npmjs.org/@babel/plugin-transform-react-jsx-self/-/plugin-transform-react-jsx-self-7.27.1.tgz. Extracting by manifest.
1220 silly tarball no local data for @babel/core@https://registry.npmjs.org/@babel/core/-/core-7.29.0.tgz. Extracting by manifest.
1221 silly tarball no local data for eslint-visitor-keys@https://registry.npmjs.org/eslint-visitor-keys/-/eslint-visitor-keys-3.4.3.tgz. Extracting by manifest.
1222 silly tarball no local data for semver@https://registry.npmjs.org/semver/-/semver-7.8.0.tgz. Extracting by manifest.
1223 silly tarball no local data for minimatch@https://registry.npmjs.org/minimatch/-/minimatch-9.0.9.tgz. Extracting by manifest.
1224 silly tarball no local data for is-glob@https://registry.npmjs.org/is-glob/-/is-glob-4.0.3.tgz. Extracting by manifest.
1225 silly tarball no local data for debug@https://registry.npmjs.org/debug/-/debug-4.4.3.tgz. Extracting by manifest.
1226 silly tarball no local data for @typescript-eslint/typescript-estree@https://registry.npmjs.org/@typescript-eslint/typescript-estree/-/typescript-estree-7.18.0.tgz. Extracting by manifest.
1227 silly tarball no local data for @typescript-eslint/types@https://registry.npmjs.org/@typescript-eslint/types/-/types-7.18.0.tgz. Extracting by manifest.
1228 silly tarball no local data for globby@https://registry.npmjs.org/globby/-/globby-11.1.0.tgz. Extracting by manifest.
1229 silly tarball no local data for ts-api-utils@https://registry.npmjs.org/ts-api-utils/-/ts-api-utils-1.4.3.tgz. Extracting by manifest.
1230 silly tarball no local data for natural-compare@https://registry.npmjs.org/natural-compare/-/natural-compare-1.4.0.tgz. Extracting by manifest.
1231 silly tarball no local data for ignore@https://registry.npmjs.org/ignore/-/ignore-5.3.2.tgz. Extracting by manifest.
1232 silly tarball no local data for graphemer@https://registry.npmjs.org/graphemer/-/graphemer-1.4.0.tgz. Extracting by manifest.
1233 silly tarball no local data for @typescript-eslint/visitor-keys@https://registry.npmjs.org/@typescript-eslint/visitor-keys/-/visitor-keys-7.18.0.tgz. Extracting by manifest.
1234 silly tarball no local data for @typescript-eslint/utils@https://registry.npmjs.org/@typescript-eslint/utils/-/utils-7.18.0.tgz. Extracting by manifest.
1235 silly tarball no local data for @typescript-eslint/type-utils@https://registry.npmjs.org/@typescript-eslint/type-utils/-/type-utils-7.18.0.tgz. Extracting by manifest.
1236 silly tarball no local data for @typescript-eslint/scope-manager@https://registry.npmjs.org/@typescript-eslint/scope-manager/-/scope-manager-7.18.0.tgz. Extracting by manifest.
1237 silly tarball no local data for @eslint-community/regexpp@https://registry.npmjs.org/@eslint-community/regexpp/-/regexpp-4.12.2.tgz. Extracting by manifest.
1238 silly tarball no local data for csstype@https://registry.npmjs.org/csstype/-/csstype-3.2.3.tgz. Extracting by manifest.
1239 silly tarball no local data for @types/prop-types@https://registry.npmjs.org/@types/prop-types/-/prop-types-15.7.15.tgz. Extracting by manifest.
1240 silly tarball no local data for vite@https://registry.npmjs.org/vite/-/vite-5.4.21.tgz. Extracting by manifest.
1241 silly tarball no local data for typescript@https://registry.npmjs.org/typescript/-/typescript-5.9.3.tgz. Extracting by manifest.
1242 silly tarball no local data for react-router-dom@https://registry.npmjs.org/react-router-dom/-/react-router-dom-6.30.3.tgz. Extracting by manifest.
1243 silly tarball no local data for react-dom@https://registry.npmjs.org/react-dom/-/react-dom-18.3.1.tgz. Extracting by manifest.
1244 silly tarball no local data for react@https://registry.npmjs.org/react/-/react-18.3.1.tgz. Extracting by manifest.
1245 silly tarball no local data for lucide-react@https://registry.npmjs.org/lucide-react/-/lucide-react-0.363.0.tgz. Extracting by manifest.
1246 silly tarball no local data for axios@https://registry.npmjs.org/axios/-/axios-1.16.0.tgz. Extracting by manifest.
1247 silly tarball no local data for @typescript-eslint/parser@https://registry.npmjs.org/@typescript-eslint/parser/-/parser-7.18.0.tgz. Extracting by manifest.
1248 silly tarball no local data for @typescript-eslint/eslint-plugin@https://registry.npmjs.org/@typescript-eslint/eslint-plugin/-/eslint-plugin-7.18.0.tgz. Extracting by manifest.
1249 silly tarball no local data for @types/react-dom@https://registry.npmjs.org/@types/react-dom/-/react-dom-18.3.7.tgz. Extracting by manifest.
1250 silly tarball no local data for @types/react@https://registry.npmjs.org/@types/react/-/react-18.3.28.tgz. Extracting by manifest.
1251 silly tarball no local data for semver@https://registry.npmjs.org/semver/-/semver-6.3.1.tgz. Extracting by manifest.
1252 silly tarball no local data for semver@https://registry.npmjs.org/semver/-/semver-6.3.1.tgz. Extracting by manifest.
1253 silly tarball no local data for @vitejs/plugin-react@https://registry.npmjs.org/@vitejs/plugin-react/-/plugin-react-4.7.0.tgz. Extracting by manifest.
1254 silly tarball no local data for @eslint-community/eslint-utils@https://registry.npmjs.org/@eslint-community/eslint-utils/-/eslint-utils-4.9.1.tgz. Extracting by manifest.
1255 http fetch GET 200 https://registry.npmjs.org/source-map-js/-/source-map-js-1.2.1.tgz 120ms (cache miss)
1256 http fetch GET 200 https://registry.npmjs.org/nanoid/-/nanoid-3.3.12.tgz 121ms (cache miss)
1257 http fetch GET 200 https://registry.npmjs.org/@types/estree/-/estree-1.0.8.tgz 135ms (cache miss)
1258 http fetch GET 200 https://registry.npmjs.org/scheduler/-/scheduler-0.23.2.tgz 195ms (cache miss)
1259 http fetch GET 200 https://registry.npmjs.org/loose-envify/-/loose-envify-1.4.0.tgz 201ms (cache miss)
1260 http fetch GET 200 https://registry.npmjs.org/balanced-match/-/balanced-match-1.0.2.tgz 218ms (cache miss)
1261 http fetch GET 200 https://registry.npmjs.org/brace-expansion/-/brace-expansion-2.1.0.tgz 263ms (cache miss)
1262 http fetch GET 200 https://registry.npmjs.org/queue-microtask/-/queue-microtask-1.2.3.tgz 295ms (cache miss)
1263 http fetch GET 200 https://registry.npmjs.org/mime-db/-/mime-db-1.52.0.tgz 307ms (cache miss)
1264 http fetch GET 200 https://registry.npmjs.org/to-regex-range/-/to-regex-range-5.0.1.tgz 311ms (cache miss)
1265 http fetch GET 200 https://registry.npmjs.org/postcss/-/postcss-8.5.14.tgz 318ms (cache miss)
1266 http fetch POST 200 https://registry.npmjs.org/-/npm/v1/security/advisories/bulk 354ms
1267 silly audit report {
1267 silly audit report   vite: [
1267 silly audit report     {
1267 silly audit report       id: 1116229,
1267 silly audit report       url: 'https://github.com/advisories/GHSA-4w7w-66w2-5vf9',
1267 silly audit report       title: 'Vite Vulnerable to Path Traversal in Optimized Deps `.map` Handling',
1267 silly audit report       severity: 'moderate',
1267 silly audit report       vulnerable_versions: '<=6.4.1',
1267 silly audit report       cwe: [Array],
1267 silly audit report       cvss: [Object]
1267 silly audit report     }
1267 silly audit report   ],
1267 silly audit report   esbuild: [
1267 silly audit report     {
1267 silly audit report       id: 1102341,
1267 silly audit report       url: 'https://github.com/advisories/GHSA-67mh-4wv8-2f99',
1267 silly audit report       title: 'esbuild enables any website to send any requests to the development server and read the response',
1267 silly audit report       severity: 'moderate',
1267 silly audit report       vulnerable_versions: '<=0.24.2',
1267 silly audit report       cwe: [Array],
1267 silly audit report       cvss: [Object]
1267 silly audit report     }
1267 silly audit report   ]
1267 silly audit report }
1268 silly packumentCache corgi:https://registry.npmjs.org/vite cache-miss
1269 silly packumentCache corgi:https://registry.npmjs.org/esbuild cache-miss
1270 http fetch GET 200 https://registry.npmjs.org/is-number/-/is-number-7.0.0.tgz 337ms (cache miss)
1271 http fetch GET 200 https://registry.npmjs.org/fsevents/-/fsevents-2.3.3.tgz 353ms (cache miss)
1272 http fetch GET 200 https://registry.npmjs.org/esbuild/-/esbuild-0.21.5.tgz 353ms (cache miss)
1273 http fetch GET 200 https://registry.npmjs.org/escalade/-/escalade-3.2.0.tgz 360ms (cache miss)
1274 http fetch GET 200 https://registry.npmjs.org/fill-range/-/fill-range-7.1.1.tgz 386ms (cache miss)
1275 http fetch GET 200 https://registry.npmjs.org/picomatch/-/picomatch-2.3.2.tgz 387ms (cache miss)
1276 http fetch GET 200 https://registry.npmjs.org/reusify/-/reusify-1.1.0.tgz 399ms (cache miss)
1277 http fetch GET 200 https://registry.npmjs.org/is-extglob/-/is-extglob-2.1.1.tgz 400ms (cache miss)
1278 http fetch GET 200 https://registry.npmjs.org/braces/-/braces-3.0.3.tgz 408ms (cache miss)
1279 http fetch GET 200 https://registry.npmjs.org/yallist/-/yallist-3.1.1.tgz 409ms (cache miss)
1280 http fetch GET 200 https://registry.npmjs.org/run-parallel/-/run-parallel-1.2.0.tgz 410ms (cache miss)
1281 http fetch GET 200 https://registry.npmjs.org/fastq/-/fastq-1.20.1.tgz 474ms (cache miss)
1282 http fetch GET 200 https://registry.npmjs.org/micromatch/-/micromatch-4.0.8.tgz 484ms (cache miss)
1283 http fetch GET 200 https://registry.npmjs.org/@nodelib/fs.scandir/-/fs.scandir-2.1.5.tgz 501ms (cache miss)
1284 http fetch GET 200 https://registry.npmjs.org/glob-parent/-/glob-parent-5.1.2.tgz 522ms (cache miss)
1285 http fetch GET 200 https://registry.npmjs.org/slash/-/slash-3.0.0.tgz 537ms (cache miss)
1286 http fetch GET 200 https://registry.npmjs.org/path-type/-/path-type-4.0.0.tgz 538ms (cache miss)
1287 http fetch GET 200 https://registry.npmjs.org/merge2/-/merge2-1.4.1.tgz 543ms (cache miss)
1288 http fetch GET 200 https://registry.npmjs.org/@nodelib/fs.walk/-/fs.walk-1.2.8.tgz 545ms (cache miss)
1289 http fetch GET 200 https://registry.npmjs.org/fast-glob/-/fast-glob-3.3.3.tgz 550ms (cache miss)
1290 http fetch GET 200 https://registry.npmjs.org/react-router/-/react-router-6.30.3.tgz 565ms (cache miss)
1291 http fetch GET 200 https://registry.npmjs.org/@nodelib/fs.stat/-/fs.stat-2.0.5.tgz 579ms (cache miss)
1292 http fetch GET 200 https://registry.npmjs.org/dir-glob/-/dir-glob-3.0.1.tgz 622ms (cache miss)
1293 http fetch GET 200 https://registry.npmjs.org/@rollup/rollup-darwin-arm64/-/rollup-darwin-arm64-4.60.3.tgz 639ms (cache miss)
1294 http fetch GET 200 https://registry.npmjs.org/dunder-proto/-/dunder-proto-1.0.1.tgz 664ms (cache miss)
1295 http fetch GET 200 https://registry.npmjs.org/array-union/-/array-union-2.1.0.tgz 666ms (cache miss)
1296 http fetch GET 200 https://registry.npmjs.org/math-intrinsics/-/math-intrinsics-1.1.0.tgz 673ms (cache miss)
1297 http fetch GET 200 https://registry.npmjs.org/has-symbols/-/has-symbols-1.1.0.tgz 679ms (cache miss)
1298 http fetch GET 200 https://registry.npmjs.org/get-proto/-/get-proto-1.0.1.tgz 707ms (cache miss)
1299 http fetch GET 200 https://registry.npmjs.org/call-bind-apply-helpers/-/call-bind-apply-helpers-1.0.2.tgz 726ms (cache miss)
1300 http fetch GET 200 https://registry.npmjs.org/function-bind/-/function-bind-1.1.2.tgz 734ms (cache miss)
1301 http fetch GET 200 https://registry.npmjs.org/es-object-atoms/-/es-object-atoms-1.1.1.tgz 735ms (cache miss)
1302 http fetch GET 200 https://registry.npmjs.org/es-define-property/-/es-define-property-1.0.1.tgz 739ms (cache miss)
1303 http fetch GET 200 https://registry.npmjs.org/has-tostringtag/-/has-tostringtag-1.0.2.tgz 754ms (cache miss)
1304 http fetch GET 200 https://registry.npmjs.org/es-errors/-/es-errors-1.3.0.tgz 758ms (cache miss)
1305 http fetch GET 200 https://registry.npmjs.org/delayed-stream/-/delayed-stream-1.0.0.tgz 770ms (cache miss)
1306 http fetch GET 200 https://registry.npmjs.org/hasown/-/hasown-2.0.3.tgz 771ms (cache miss)
1307 http fetch GET 200 https://registry.npmjs.org/mime-types/-/mime-types-2.1.35.tgz 773ms (cache miss)
1308 http fetch GET 200 https://registry.npmjs.org/es-set-tostringtag/-/es-set-tostringtag-2.1.0.tgz 777ms (cache miss)
1309 http fetch GET 200 https://registry.npmjs.org/combined-stream/-/combined-stream-1.0.8.tgz 781ms (cache miss)
1310 http fetch GET 200 https://registry.npmjs.org/asynckit/-/asynckit-0.4.0.tgz 807ms (cache miss)
1311 http fetch GET 200 https://registry.npmjs.org/update-browserslist-db/-/update-browserslist-db-1.2.3.tgz 808ms (cache miss)
1312 http fetch GET 200 https://registry.npmjs.org/ms/-/ms-2.1.3.tgz 810ms (cache miss)
1313 http fetch GET 200 https://registry.npmjs.org/rollup/-/rollup-4.60.3.tgz 858ms (cache miss)
1314 http fetch GET 200 https://registry.npmjs.org/@remix-run/router/-/router-1.23.2.tgz 890ms (cache miss)
1315 http fetch GET 200 https://registry.npmjs.org/gopd/-/gopd-1.2.0.tgz 884ms (cache miss)
1316 http fetch GET 200 https://registry.npmjs.org/node-releases/-/node-releases-2.0.38.tgz 881ms (cache miss)
1317 http fetch GET 200 https://registry.npmjs.org/baseline-browser-mapping/-/baseline-browser-mapping-2.10.29.tgz 882ms (cache miss)
1318 http fetch GET 200 https://registry.npmjs.org/get-intrinsic/-/get-intrinsic-1.3.0.tgz 886ms (cache miss)
1319 http fetch GET 200 https://registry.npmjs.org/@types/babel__template/-/babel__template-7.4.4.tgz 894ms (cache miss)
1320 http fetch GET 200 https://registry.npmjs.org/proxy-from-env/-/proxy-from-env-2.1.0.tgz 894ms (cache miss)
1321 http fetch GET 200 https://registry.npmjs.org/form-data/-/form-data-4.0.5.tgz 896ms (cache miss)
1322 http fetch GET 200 https://registry.npmjs.org/@types/babel__generator/-/babel__generator-7.27.0.tgz 895ms (cache miss)
1323 http fetch GET 200 https://registry.npmjs.org/follow-redirects/-/follow-redirects-1.16.0.tgz 896ms (cache miss)
1324 http fetch GET 200 https://registry.npmjs.org/electron-to-chromium/-/electron-to-chromium-1.5.353.tgz 910ms (cache miss)
1325 http fetch GET 200 https://registry.npmjs.org/@types/babel__traverse/-/babel__traverse-7.28.0.tgz 916ms (cache miss)
1326 http fetch GET 200 https://registry.npmjs.org/@jridgewell/resolve-uri/-/resolve-uri-3.1.2.tgz 948ms (cache miss)
1327 http fetch GET 200 https://registry.npmjs.org/@babel/helper-string-parser/-/helper-string-parser-7.27.1.tgz 984ms (cache miss)
1328 http fetch GET 200 https://registry.npmjs.org/@babel/helper-globals/-/helper-globals-7.28.0.tgz 992ms (cache miss)
1329 http fetch GET 200 https://registry.npmjs.org/browserslist/-/browserslist-4.28.2.tgz 994ms (cache miss)
1330 http fetch GET 200 https://registry.npmjs.org/@babel/helper-plugin-utils/-/helper-plugin-utils-7.28.6.tgz 995ms (cache miss)
1331 http fetch GET 200 https://registry.npmjs.org/lru-cache/-/lru-cache-5.1.1.tgz 994ms (cache miss)
1332 http fetch GET 200 https://registry.npmjs.org/jsesc/-/jsesc-3.1.0.tgz 997ms (cache miss)
1333 http fetch GET 200 https://registry.npmjs.org/picocolors/-/picocolors-1.1.1.tgz 1006ms (cache miss)
1334 http fetch GET 200 https://registry.npmjs.org/@babel/helper-module-imports/-/helper-module-imports-7.28.6.tgz 1012ms (cache miss)
1335 http fetch GET 200 https://registry.npmjs.org/@jridgewell/gen-mapping/-/gen-mapping-0.3.13.tgz 1014ms (cache miss)
1336 http fetch GET 200 https://registry.npmjs.org/@jridgewell/sourcemap-codec/-/sourcemap-codec-1.5.5.tgz 1021ms (cache miss)
1337 http fetch GET 200 https://registry.npmjs.org/@babel/helper-validator-option/-/helper-validator-option-7.27.1.tgz 1025ms (cache miss)
1338 http fetch GET 200 https://registry.npmjs.org/js-tokens/-/js-tokens-4.0.0.tgz 1033ms (cache miss)
1339 http fetch GET 200 https://registry.npmjs.org/@jridgewell/trace-mapping/-/trace-mapping-0.3.31.tgz 1035ms (cache miss)
1340 http fetch GET 200 https://registry.npmjs.org/gensync/-/gensync-1.0.0-beta.2.tgz 1081ms (cache miss)
1341 http fetch GET 200 https://registry.npmjs.org/convert-source-map/-/convert-source-map-2.0.0.tgz 1084ms (cache miss)
1342 http fetch GET 200 https://registry.npmjs.org/@babel/helper-validator-identifier/-/helper-validator-identifier-7.28.5.tgz 1098ms (cache miss)
1343 http fetch GET 200 https://registry.npmjs.org/json5/-/json5-2.2.3.tgz 1103ms (cache miss)
1344 http fetch GET 200 https://registry.npmjs.org/@jridgewell/remapping/-/remapping-2.3.5.tgz 1114ms (cache miss)
1345 http fetch GET 200 https://registry.npmjs.org/caniuse-lite/-/caniuse-lite-1.0.30001792.tgz 1143ms (cache miss)
1346 http fetch GET 200 https://registry.npmjs.org/@babel/helper-compilation-targets/-/helper-compilation-targets-7.28.6.tgz 1144ms (cache miss)
1347 http fetch GET 200 https://registry.npmjs.org/@babel/template/-/template-7.28.6.tgz 1150ms (cache miss)
1348 http fetch GET 200 https://registry.npmjs.org/@babel/helper-module-transforms/-/helper-module-transforms-7.28.6.tgz 1154ms (cache miss)
1349 http fetch GET 200 https://registry.npmjs.org/react-refresh/-/react-refresh-0.17.0.tgz 1174ms (cache miss)
1350 http fetch GET 200 https://registry.npmjs.org/@babel/code-frame/-/code-frame-7.29.0.tgz 1177ms (cache miss)
1351 http fetch GET 200 https://registry.npmjs.org/@babel/generator/-/generator-7.29.1.tgz 1242ms (cache miss)
1352 http fetch GET 200 https://registry.npmjs.org/@types/babel__core/-/babel__core-7.20.5.tgz 1257ms (cache miss)
1353 http fetch GET 200 https://registry.npmjs.org/@rolldown/pluginutils/-/pluginutils-1.0.0-beta.27.tgz 1263ms (cache miss)
1354 http fetch GET 200 https://registry.npmjs.org/@babel/traverse/-/traverse-7.29.0.tgz 1272ms (cache miss)
1355 http fetch GET 200 https://registry.npmjs.org/@babel/plugin-transform-react-jsx-source/-/plugin-transform-react-jsx-source-7.27.1.tgz 1277ms (cache miss)
1356 http fetch GET 200 https://registry.npmjs.org/@babel/compat-data/-/compat-data-7.29.3.tgz 1278ms (cache miss)
1357 http fetch GET 200 https://registry.npmjs.org/@babel/plugin-transform-react-jsx-self/-/plugin-transform-react-jsx-self-7.27.1.tgz 1279ms (cache miss)
1358 http fetch GET 200 https://registry.npmjs.org/semver/-/semver-7.8.0.tgz 1290ms (cache miss)
1359 http fetch GET 200 https://registry.npmjs.org/eslint-visitor-keys/-/eslint-visitor-keys-3.4.3.tgz 1292ms (cache miss)
1360 http fetch GET 200 https://registry.npmjs.org/@babel/helpers/-/helpers-7.29.2.tgz 1299ms (cache miss)
1361 http fetch GET 200 https://registry.npmjs.org/debug/-/debug-4.4.3.tgz 1328ms (cache miss)
1362 http fetch GET 200 https://registry.npmjs.org/is-glob/-/is-glob-4.0.3.tgz 1333ms (cache miss)
1363 http fetch GET 200 https://registry.npmjs.org/@babel/core/-/core-7.29.0.tgz 1382ms (cache miss)
1364 http fetch GET 200 https://registry.npmjs.org/minimatch/-/minimatch-9.0.9.tgz 1387ms (cache miss)
1365 http fetch GET 200 https://registry.npmjs.org/globby/-/globby-11.1.0.tgz 1389ms (cache miss)
1366 http fetch GET 200 https://registry.npmjs.org/ignore/-/ignore-5.3.2.tgz 1389ms (cache miss)
1367 http fetch GET 200 https://registry.npmjs.org/natural-compare/-/natural-compare-1.4.0.tgz 1390ms (cache miss)
1368 http fetch GET 200 https://registry.npmjs.org/@babel/types/-/types-7.29.0.tgz 1399ms (cache miss)
1369 http fetch GET 200 https://registry.npmjs.org/ts-api-utils/-/ts-api-utils-1.4.3.tgz 1425ms (cache miss)
1370 http fetch GET 200 https://registry.npmjs.org/@typescript-eslint/visitor-keys/-/visitor-keys-7.18.0.tgz 1453ms (cache miss)
1371 http fetch GET 200 https://registry.npmjs.org/@typescript-eslint/typescript-estree/-/typescript-estree-7.18.0.tgz 1456ms (cache miss)
1372 http fetch GET 200 https://registry.npmjs.org/graphemer/-/graphemer-1.4.0.tgz 1456ms (cache miss)
1373 http fetch GET 200 https://registry.npmjs.org/@typescript-eslint/types/-/types-7.18.0.tgz 1459ms (cache miss)
1374 http fetch GET 200 https://registry.npmjs.org/@typescript-eslint/utils/-/utils-7.18.0.tgz 1465ms (cache miss)
1375 http fetch GET 200 https://registry.npmjs.org/@typescript-eslint/type-utils/-/type-utils-7.18.0.tgz 1466ms (cache miss)
1376 http fetch GET 200 https://registry.npmjs.org/@babel/parser/-/parser-7.29.3.tgz 1497ms (cache miss)
1377 http fetch GET 200 https://registry.npmjs.org/csstype/-/csstype-3.2.3.tgz 1512ms (cache miss)
1378 http fetch GET 200 https://registry.npmjs.org/@types/prop-types/-/prop-types-15.7.15.tgz 1517ms (cache miss)
1379 http fetch GET 200 https://registry.npmjs.org/react-router-dom/-/react-router-dom-6.30.3.tgz 1638ms (cache miss)
1380 http fetch GET 200 https://registry.npmjs.org/@eslint-community/regexpp/-/regexpp-4.12.2.tgz 1666ms (cache miss)
1381 http fetch GET 200 https://registry.npmjs.org/@typescript-eslint/scope-manager/-/scope-manager-7.18.0.tgz 1728ms (cache miss)
1382 http fetch GET 200 https://registry.npmjs.org/react/-/react-18.3.1.tgz 1776ms (cache miss)
1383 http fetch GET 200 https://registry.npmjs.org/@types/react-dom/-/react-dom-18.3.7.tgz 1926ms (cache miss)
1384 http fetch GET 200 https://registry.npmjs.org/semver/-/semver-6.3.1.tgz 1937ms (cache miss)
1385 http fetch GET 200 https://registry.npmjs.org/@types/react/-/react-18.3.28.tgz 1952ms (cache miss)
1386 http fetch GET 200 https://registry.npmjs.org/semver/-/semver-6.3.1.tgz 1993ms (cache miss)
1387 http fetch GET 200 https://registry.npmjs.org/@vitejs/plugin-react/-/plugin-react-4.7.0.tgz 2012ms (cache miss)
1388 http fetch GET 200 https://registry.npmjs.org/@eslint-community/eslint-utils/-/eslint-utils-4.9.1.tgz 2091ms (cache miss)
1389 http fetch GET 200 https://registry.npmjs.org/@typescript-eslint/parser/-/parser-7.18.0.tgz 2146ms (cache miss)
1390 http fetch GET 200 https://registry.npmjs.org/react-dom/-/react-dom-18.3.1.tgz 2517ms (cache miss)
1391 http fetch GET 200 https://registry.npmjs.org/esbuild 2398ms (cache miss)
1392 silly packumentCache corgi:https://registry.npmjs.org/esbuild set size:undefined disposed:false
1393 http fetch GET 200 https://registry.npmjs.org/vite/-/vite-5.4.21.tgz 2764ms (cache miss)
1394 http fetch GET 200 https://registry.npmjs.org/@typescript-eslint/eslint-plugin/-/eslint-plugin-7.18.0.tgz 2950ms (cache miss)
1395 http fetch GET 200 https://registry.npmjs.org/vite 2752ms (cache miss)
1396 silly packumentCache corgi:https://registry.npmjs.org/vite set size:undefined disposed:false
1397 http fetch GET 200 https://registry.npmjs.org/axios/-/axios-1.16.0.tgz 3403ms (cache miss)
1398 http fetch GET 200 https://registry.npmjs.org/@esbuild/darwin-arm64/-/darwin-arm64-0.21.5.tgz 4009ms (cache miss)
1399 http fetch GET 200 https://registry.npmjs.org/lucide-react/-/lucide-react-0.363.0.tgz 4213ms (cache miss)
1400 http fetch GET 200 https://registry.npmjs.org/typescript/-/typescript-5.9.3.tgz 4692ms (cache miss)
1401 info run fsevents@2.3.3 install node_modules/fsevents node-gyp rebuild
1402 info run fsevents@2.3.3 install { code: 1, signal: null }
1403 verbose reify failed optional dependency /Users/ritikasahu/gradeops/frontend/node_modules/fsevents
1404 silly reify mark deleted [ '/Users/ritikasahu/gradeops/frontend/node_modules/fsevents' ]
1405 info run esbuild@0.21.5 postinstall node_modules/esbuild node install.js
1406 info run esbuild@0.21.5 postinstall { code: 0, signal: null }
1407 silly ADD node_modules/@types/estree
1408 silly ADD node_modules/@rollup/rollup-darwin-arm64
1409 silly ADD node_modules/source-map-js
1410 silly ADD node_modules/nanoid
1411 silly ADD node_modules/@esbuild/darwin-arm64
1412 silly ADD node_modules/rollup
1413 silly ADD node_modules/postcss
1414 silly ADD
1415 silly ADD node_modules/esbuild
1416 silly ADD node_modules/escalade
1417 silly ADD node_modules/is-number
1418 silly ADD node_modules/queue-microtask
1419 silly ADD node_modules/react-router
1420 silly ADD node_modules/@remix-run/router
1421 silly ADD node_modules/scheduler
1422 silly ADD node_modules/loose-envify
1423 silly ADD node_modules/balanced-match
1424 silly ADD node_modules/brace-expansion
1425 silly ADD node_modules/mime-db
1426 silly ADD node_modules/to-regex-range
1427 silly ADD node_modules/fill-range
1428 silly ADD node_modules/picomatch
1429 silly ADD node_modules/braces
1430 silly ADD node_modules/yallist
1431 silly ADD node_modules/is-extglob
1432 silly ADD node_modules/reusify
1433 silly ADD node_modules/run-parallel
1434 silly ADD node_modules/fastq
1435 silly ADD node_modules/@nodelib/fs.scandir
1436 silly ADD node_modules/micromatch
1437 silly ADD node_modules/glob-parent
1438 silly ADD node_modules/@nodelib/fs.walk
1439 silly ADD node_modules/@nodelib/fs.stat
1440 silly ADD node_modules/path-type
1441 silly ADD node_modules/slash
1442 silly ADD node_modules/merge2
1443 silly ADD node_modules/fast-glob
1444 silly ADD node_modules/dir-glob
1445 silly ADD node_modules/array-union
1446 silly ADD node_modules/dunder-proto
1447 silly ADD node_modules/math-intrinsics
1448 silly ADD node_modules/has-symbols
1449 silly ADD node_modules/gopd
1450 silly ADD node_modules/get-proto
1451 silly ADD node_modules/function-bind
1452 silly ADD node_modules/es-object-atoms
1453 silly ADD node_modules/es-define-property
1454 silly ADD node_modules/call-bind-apply-helpers
1455 silly ADD node_modules/has-tostringtag
1456 silly ADD node_modules/get-intrinsic
1457 silly ADD node_modules/es-errors
1458 silly ADD node_modules/delayed-stream
1459 silly ADD node_modules/mime-types
1460 silly ADD node_modules/hasown
1461 silly ADD node_modules/es-set-tostringtag
1462 silly ADD node_modules/combined-stream
1463 silly ADD node_modules/asynckit
1464 silly ADD node_modules/ms
1465 silly ADD node_modules/update-browserslist-db
1466 silly ADD node_modules/node-releases
1467 silly ADD node_modules/electron-to-chromium
1468 silly ADD node_modules/caniuse-lite
1469 silly ADD node_modules/baseline-browser-mapping
1470 silly ADD node_modules/proxy-from-env
1471 silly ADD node_modules/form-data
1472 silly ADD node_modules/follow-redirects
1473 silly ADD node_modules/@types/babel__traverse
1474 silly ADD node_modules/@types/babel__template
1475 silly ADD node_modules/@types/babel__generator
1476 silly ADD node_modules/@jridgewell/resolve-uri
1477 silly ADD node_modules/@jridgewell/sourcemap-codec
1478 silly ADD node_modules/@babel/helper-string-parser
1479 silly ADD node_modules/@babel/helper-globals
1480 silly ADD node_modules/@babel/helper-plugin-utils
1481 silly ADD node_modules/@babel/helper-module-imports
1482 silly ADD node_modules/lru-cache
1483 silly ADD node_modules/browserslist
1484 silly ADD node_modules/@babel/helper-validator-option
1485 silly ADD node_modules/@babel/compat-data
1486 silly ADD node_modules/jsesc
1487 silly ADD node_modules/@jridgewell/trace-mapping
1488 silly ADD node_modules/@jridgewell/gen-mapping
1489 silly ADD node_modules/picocolors
1490 silly ADD node_modules/js-tokens
1491 silly ADD node_modules/@babel/helper-validator-identifier
1492 silly ADD node_modules/json5
1493 silly ADD node_modules/gensync
1494 silly ADD node_modules/convert-source-map
1495 silly ADD node_modules/@jridgewell/remapping
1496 silly ADD node_modules/@babel/types
1497 silly ADD node_modules/@babel/traverse
1498 silly ADD node_modules/@babel/template
1499 silly ADD node_modules/@babel/parser
1500 silly ADD node_modules/@babel/helpers
1501 silly ADD node_modules/@babel/helper-module-transforms
1502 silly ADD node_modules/@babel/helper-compilation-targets
1503 silly ADD node_modules/@babel/helper-compilation-targets/node_modules/semver
1504 silly ADD node_modules/@babel/generator
1505 silly ADD node_modules/@babel/code-frame
1506 silly ADD node_modules/react-refresh
1507 silly ADD node_modules/@types/babel__core
1508 silly ADD node_modules/@rolldown/pluginutils
1509 silly ADD node_modules/@babel/plugin-transform-react-jsx-source
1510 silly ADD node_modules/@babel/plugin-transform-react-jsx-self
1511 silly ADD node_modules/@babel/core
1512 silly ADD node_modules/@babel/core/node_modules/semver
1513 silly ADD node_modules/eslint-visitor-keys
1514 silly ADD node_modules/@eslint-community/eslint-utils
1515 silly ADD node_modules/semver
1516 silly ADD node_modules/minimatch
1517 silly ADD node_modules/is-glob
1518 silly ADD node_modules/globby
1519 silly ADD node_modules/debug
1520 silly ADD node_modules/@typescript-eslint/typescript-estree
1521 silly ADD node_modules/@typescript-eslint/types
1522 silly ADD node_modules/ts-api-utils
1523 silly ADD node_modules/natural-compare
1524 silly ADD node_modules/ignore
1525 silly ADD node_modules/graphemer
1526 silly ADD node_modules/@typescript-eslint/visitor-keys
1527 silly ADD node_modules/@typescript-eslint/utils
1528 silly ADD node_modules/@typescript-eslint/type-utils
1529 silly ADD node_modules/@typescript-eslint/scope-manager
1530 silly ADD node_modules/@eslint-community/regexpp
1531 silly ADD node_modules/csstype
1532 silly ADD node_modules/@types/prop-types
1533 silly ADD node_modules/vite
1534 silly ADD node_modules/typescript
1535 silly ADD node_modules/react-router-dom
1536 silly ADD node_modules/react-dom
1537 silly ADD node_modules/react
1538 silly ADD node_modules/lucide-react
1539 silly ADD node_modules/axios
1540 silly ADD node_modules/@vitejs/plugin-react
1541 silly ADD node_modules/@typescript-eslint/parser
1542 silly ADD node_modules/@typescript-eslint/eslint-plugin
1543 silly ADD node_modules/@types/react-dom
1544 silly ADD node_modules/@types/react
1545 verbose cwd /Users/ritikasahu/gradeops/frontend
1546 verbose os Darwin 24.5.0
1547 verbose node v25.9.0
1548 verbose npm  v11.12.1
1549 notice
1549 notice New [33mminor[39m version of npm available! [33m11.12.1[39m -> [34m11.14.1[39m
1549 notice Changelog: [34mhttps://github.com/npm/cli/releases/tag/v11.14.1[39m
1549 notice To update run: [4mnpm install -g npm@11.14.1[24m
1549 notice  { force: true, Symbol(proc-log.meta): true }
1550 verbose exit 0
1551 info ok
